date,cape,tr_cape,ecy
1881-01-01,18.47395230140494,24.13505742196502,-0.010488744813437083
1881-02-01,18.147258164990237,23.655503266150095,-0.011392839551264064
1881-03-01,18.27011914020499,23.767712891469255,-0.013123118077292342
1881-04-01,17.950108278222892,23.30885011714149,-0.007503501721981762
1881-05-01,18.869718693152592,24.456686047737897,-0.00888108998627421
1881-06-01,19.028710731115783,24.616330670871356,-0.007732465433510208
1881-07-01,18.116367187389745,23.397455434510498,-0.004047872140695706
1881-08-01,17.286243553973446,22.294300579943204,0.0021436052233798353
1881-09-01,16.724836648772904,21.54278402265044,0.005564050621919725
1881-10-01,16.26198941118135,20.927319306516626,0.006724035747653748
1881-11-01,16.478642316644866,21.189774650457192,0.00506930736565845
1881-12-01,15.958754206105073,20.509855894384817,0.004877507108947132
1882-01-01,15.67876416002874,20.142053775383264,0.006063178135554383
1882-02-01,15.153861528363036,19.462129672651727,0.009174922369645393
1882-03-01,15.091670299486742,19.37744058809981,0.007978128065748581
1882-04-01,14.916997168375302,19.149099336903042,0.007498172735758778
1882-05-01,14.567103202191758,18.69842050025918,0.009991834775673065
1882-06-01,14.327404890131668,18.390197818723447,0.01272927625318327
1882-07-01,15.24055976121782,19.557024129217137,0.009093141918662735
1882-08-01,15.525429331463027,19.913629768832706,0.008044514050340776
1882-09-01,16.08110662446231,20.617194705981788,0.0024137828797115915
1882-10-01,15.755581030526553,20.192326679272234,0.004945010915350129
1882-11-01,15.192670313165337,19.466185805701755,0.0035008618493167637
1882-12-01,15.38212833208197,19.70461406329286,0.0031815143101116272
1883-01-01,15.27025911909857,19.556713466650194,0.0036494449665530615
1883-02-01,14.757590146176222,18.898222188468402,0.004730537555653114
1883-03-01,15.051254121401637,19.273105236150073,0.0024952795648935655
1883-04-01,15.482067222036672,19.82169282045819,-0.0002753950050816828
1883-05-01,15.33549763733706,19.632642919503564,0.0015315856185122434
1883-06-01,15.903388388583787,20.356448023345457,-0.0007597696898063583
1883-07-01,15.948783127017021,20.410434017234657,-0.0028937843102308652
1883-08-01,15.196810876629838,19.448085508176305,0.0002171205541036253
1883-09-01,15.494692425793447,19.8287366187245,-0.002034848411595666
1883-10-01,15.04805627022383,19.259308186439725,0.0021206134844089924
1883-11-01,15.40821814244886,19.72054454393319,0.002632588189127087
1883-12-01,14.896403941887154,19.06653927301245,0.003570600132425966
1884-01-01,14.432821721970717,18.478450440666563,0.004228642188966028
1884-02-01,14.805960228816701,18.960248831644897,0.0025658227261833727
1884-03-01,14.736023454014465,18.87564245199253,0.002969700846246648
1884-04-01,14.353453682579467,18.39535764101806,0.004344405478574315
1884-05-01,13.465050313804898,17.272918948879887,0.007721079526165339
1884-06-01,12.906876483666853,16.575562457475307,0.01333595913928634
1884-07-01,13.04393158599166,16.769768530632778,0.010776582875225496
1884-08-01,13.859813341769314,17.83206263060006,0.007126400706920305
1884-09-01,13.569154744335714,17.474388100341255,0.00769484394003879
1884-10-01,13.273251319134149,17.11242167915479,0.009926540077895507
1884-11-01,13.304437602119723,17.173051638572858,0.008452660831066064
1884-12-01,13.432292746944754,17.357970009963754,0.006713915407826315
1885-01-01,13.129817425635956,16.98737917725712,0.008512315822483671
1885-02-01,13.38481759359796,17.33406459087125,0.00829295096336731
1885-03-01,13.734194093452505,17.80318966917186,0.004292613198831924
1885-04-01,13.548548541030053,17.577505686645967,0.005737937472184762
1885-05-01,13.711371872561935,17.80497505459177,0.005144821410869305
1885-06-01,13.978784368698346,18.166486027738845,0.0032111125845226546
1885-07-01,14.32665877708932,18.627238981582376,0.002756914179160866
1885-08-01,15.130410796707146,19.676139676121828,-0.0016484217982207366
1885-09-01,15.116285028724235,19.66267185452262,-0.0017970460660680504
1885-10-01,15.991023962168978,20.7990746396801,-0.005290783812507999
1885-11-01,16.82403449861901,21.875099662394916,-0.006273332459197506
1885-12-01,16.30447595227852,21.192987772511707,-0.0011325526271278932
1886-01-01,16.69231747079765,21.692296410859043,-0.0038685591279262396
1886-02-01,17.006648259460995,22.092422581197688,-0.0051008240881719805
1886-03-01,16.843266101570133,21.873223559591604,-0.005816297274969684
1886-04-01,16.8017161312463,21.812473807208203,-0.006115746325158267
1886-05-01,16.863195515097825,21.885839695764247,-0.0053582071231189285
1886-06-01,17.831494055376876,23.12866698957646,-0.007215438082054132
1886-07-01,17.8458450415322,23.130067401873344,-0.00616328674031328
1886-08-01,17.723912799619264,22.954973839219775,-0.005608130449167886
1886-09-01,18.14714392580002,23.484613598095894,-0.00795345627047922
1886-10-01,18.56238134286656,24.001461288727917,-0.01109200259904524
1886-11-01,18.968312634942833,24.50427936262946,-0.013247391881082059
1886-12-01,18.19405755688643,23.485324841739697,-0.011670475276021233
1887-01-01,17.512222096304946,22.590754381510607,-0.009020288675654728
1887-02-01,17.12536659697231,22.080922961887385,-0.004139971811610778
1887-03-01,17.473213711513747,22.517438233129692,-0.0009743604392795854
1887-04-01,17.822983639100702,22.95367744890199,-0.00492078400087248
1887-05-01,18.075445427458238,23.264710044683618,-0.007584211150465731
1887-06-01,17.70769566327298,22.78133205385289,-0.0023459262036217565
1887-07-01,17.43146053561307,22.416555953423323,-0.003661378497069989
1887-08-01,16.7398496148207,21.520614675737026,0.003477957623553074
1887-09-01,16.676629667380137,21.434140136239698,0.003362178487072723
1887-10-01,15.880666812517308,20.40860138764954,0.007416502541443146
1887-11-01,15.950712201066771,20.49585727950517,0.010122384862189339
1887-12-01,15.455513454469942,19.857946875058182,0.014297028255089148
1888-01-01,15.358662514259896,19.731734100274615,0.01872041557516474
1888-02-01,15.418178318820528,19.80730272737442,0.018545973596228955
1888-03-01,14.808972366946561,19.02661149319168,0.02348477572468969
1888-04-01,15.020108681844453,19.299571616567622,0.0226329960426276
1888-05-01,15.387916957229123,19.772685839694216,0.0233200271608486
1888-06-01,15.077628818434688,19.375983676114174,0.02589853733472125
1888-07-01,15.279642515498166,19.63500958154643,0.02525901292131684
1888-08-01,15.6029116700888,20.049771885586583,0.02297457519121119
1888-09-01,15.987828821761417,20.542902549349066,0.021614886504528356
1888-10-01,15.715941874329705,20.19313056534962,0.025156877140990908
1888-11-01,15.223749016946277,19.56248577384945,0.029677725599002683
1888-12-01,14.946748301089219,19.210201901691857,0.033377840719047105
1889-01-01,15.802286071028156,20.312198653655663,0.025278875559769487
1889-02-01,16.19272044784899,20.81330768748953,0.021448301616429716
1889-03-01,16.06504536076929,20.64851900332107,0.021895429954547865
1889-04-01,16.05010453396748,20.626458817142172,0.02312853676069848
1889-05-01,16.915421076068373,21.73141041381732,0.017511818172382114
1889-06-01,17.21930294394768,22.110623383995268,0.01765522513178453
1889-07-01,16.889214491107513,21.675368705170925,0.017653549602927927
1889-08-01,17.131853975345724,21.973135389628116,0.01683996350396518
1889-09-01,17.350788026348596,22.236764738619232,0.013960101329211397
1889-10-01,17.053214402955486,21.840470810168455,0.009590759257984215
1889-11-01,16.906021170249367,21.638643677166268,0.005033391836815365
1889-12-01,16.610338076603387,21.248155988127603,0.00438976490338841
1890-01-01,17.2200719821819,22.015486326741584,-0.0029555589998916526
1890-02-01,17.02681498267141,21.755939559525363,-0.002463102080041246
1890-03-01,16.9011222885899,21.582789932235574,-0.003114404003578812
1890-04-01,17.257854542603194,22.023576461344486,-0.0007570330080329882
1890-05-01,17.78643048785862,22.67724232947678,0.0014888374225166534
1890-06-01,17.68436084445016,22.52531418607802,0.003649474647291602
1890-07-01,17.58929544086486,22.38122314294195,0.0037884300307326063
1890-08-01,16.5967911339791,21.097417913470878,0.010599942338932966
1890-09-01,16.1697020006153,20.535953743709648,0.01218010758330635
1890-10-01,15.482849163344433,19.649063391074268,0.014756977765159704
1890-11-01,14.745043493292803,18.703194594453638,0.014479293188767395
1890-12-01,14.44299123133844,18.311029377300326,0.014743783055440995
1891-01-01,15.428980086469094,19.54697672773731,0.00994938082518878
1891-02-01,15.476522332432538,19.590760596774167,0.009970047115819267
1891-03-01,15.051623357657384,19.038836516513673,0.012986888034787765
1891-04-01,15.40894512547413,19.474152883159544,0.011648752704439276
1891-05-01,15.56649523071326,19.657392023024762,0.010822741109611171
1891-06-01,15.65821139563815,19.757483904273517,0.008097887936257743
1891-07-01,15.61791923864599,19.690897636411602,0.006103937149086601
1891-08-01,16.163998509963037,20.360263494436524,0.002040896709183511
1891-09-01,17.71126141325653,22.282941160980986,-0.00826683321118616
1891-10-01,17.716568589826366,22.264637311753667,-0.009170423000387902
1891-11-01,17.671739174764003,22.185040648627986,-0.00932832816519736
1891-12-01,18.20630300020993,22.828744233682684,-0.010973154464467415
1892-01-01,19.01638840422527,23.81522219945756,-0.015780715423090876
1892-02-01,19.036425040978436,23.810068229783077,-0.016860961424131307
1892-03-01,19.738054849323017,24.656692455919973,-0.02139410041243378
1892-04-01,19.943265241638645,24.88113364867213,-0.02422107274966888
1892-05-01,19.91146521348981,24.810091390835627,-0.025143580225281487
1892-06-01,19.769284397136747,24.603632002808606,-0.025776978828835742
1892-07-01,19.211886434505562,23.882788577933074,-0.020998101755070622
1892-08-01,19.204303803173826,23.846985014935303,-0.020715090945244076
1892-09-01,18.6942718095882,23.19198491372196,-0.016774511432559924
1892-10-01,19.04021491532471,23.596821279777316,-0.016971520676857095
1892-11-01,18.4633126908,22.858807224266272,-0.012059526892530655
1892-12-01,18.01300925127574,22.281362092837348,-0.008686892998924355
1893-01-01,17.65664370809878,21.820189744893515,-0.0041021548362557975
1893-02-01,17.125193854872453,21.148920730797133,-0.0020583817590019773
1893-03-01,16.899589031582327,20.861750450681807,-0.0026649839599118125
1893-04-01,17.10254157825492,21.10403480151057,-0.003588799163466598
1893-05-01,15.780987310776252,19.473767640169985,0.0010804606415404303
1893-06-01,15.41650386359769,19.029235819010783,0.003033680296041702
1893-07-01,14.349854182760948,17.725059871200944,0.007334390771946087
1893-08-01,14.588056535807812,18.033912740781627,0.0023197397456332647
1893-09-01,15.012069079138762,18.567014551942297,0.005344300356698833
1893-10-01,15.271794153520185,18.897533570630845,0.005529562016369907
1893-11-01,15.942411400571675,19.737917734430308,0.001258378497180808
1893-12-01,15.612694335464935,19.343520628210005,0.0003074989231913877
1894-01-01,15.739869351948226,19.51707032777289,-0.002831422459346672
1894-02-01,16.202736596449924,20.10579074425323,-0.005802921443880414
1894-03-01,17.18762208812193,21.34101664557582,-0.011905071655421193
1894-04-01,17.434849078052455,21.659778276889053,-0.010514783387849995
1894-05-01,16.808751920918006,20.896769439678703,-0.006114954823300642
1894-06-01,16.606319695292527,20.66103102756658,-0.005189733127550035
1894-07-01,16.28967971491695,20.28546526822134,-0.0027700206733354965
1894-08-01,16.457777072998365,20.510549550602164,-0.0004167757893686966
1894-09-01,16.522315444877215,20.607265065055653,0.00197686235302736
1894-10-01,16.502904205708425,20.60291484413734,0.0005772497776944316
1894-11-01,16.542784447444554,20.672276347819032,0.002824663668923248
1894-12-01,16.672466333767726,20.855013611174975,0.002265509077856498
1895-01-01,16.524443935162715,20.692167083108206,0.003002789151904238
1895-02-01,16.331237693211406,20.47204638542374,0.002485787819288411
1895-03-01,16.3646254271748,20.534641990203504,0.00449094401972347
1895-04-01,16.387543823686297,20.57845339795946,0.007325555809035163
1895-05-01,17.08036955338239,21.460149768676366,0.008376111407965625
1895-06-01,17.207413539783385,21.62827321006762,0.011519126998025972
1895-07-01,17.546014648740552,22.06040314738422,0.007755338058063582
1895-08-01,18.07407254724179,22.728369644725095,0.00461432625276692
1895-09-01,18.200335946605463,22.88866956442034,0.005293774765856449
1895-10-01,17.94470662246647,22.56789252073991,0.005959807326270571
1895-11-01,17.34299899192169,21.812946556051386,0.006596607147556562
1895-12-01,16.54841515666796,20.818648077628065,0.005561347625954199
1896-01-01,16.576224828568186,20.858552156094376,0.0062604116349686545
1896-02-01,17.51540335263727,22.04059203127031,0.0017805233819332758
1896-03-01,17.232362712298606,21.685007699222616,0.004059869954454745
1896-04-01,17.64369937813,22.201842765217222,0.002630457406601637
1896-05-01,17.828266894232822,22.43225297202799,0.0031802127213657674
1896-06-01,17.777578616430464,22.366260400602865,0.0032653672633128003
1896-07-01,16.637100103394587,20.933061531248498,0.006053299737138161
1896-08-01,15.703370546226873,19.76426504009168,0.008576166713634766
1896-09-01,16.544339943032018,20.824903901677757,0.005505869389791793
1896-10-01,16.438866804725887,20.69215179083557,0.00898947990452724
1896-11-01,17.089425242371117,21.50667516983616,0.009693020080220348
1896-12-01,16.501404180590093,20.765764121097316,0.010736338168094939
1897-01-01,17.02652128238056,21.42590894619321,0.0038227047514217682
1897-02-01,16.8940258832541,21.257060362377867,0.0031669328023881463
1897-03-01,16.95803071672104,21.333760247195983,0.0029851886508370645
1897-04-01,16.696857434734664,21.001906820502267,0.0025014578482111943
1897-05-01,17.04775512922939,21.436906305372034,-0.000156886830770267
1897-06-01,17.850497280690615,22.43319698413386,-0.0015985160058095763
1897-07-01,18.651975755820292,23.420666317964162,-0.002794348769244448
1897-08-01,19.006396010519445,23.838146387477522,-0.0005732139020454413
1897-09-01,19.372370293397804,24.266748911108195,0.0024584612230910824
1897-10-01,19.02803122390243,23.807217097742296,0.0008620890733763154
1897-11-01,18.35844809805023,22.943021658320244,0.0016591271266084076
1897-12-01,18.74875766252551,23.40112190365428,-0.001711571829162692
1898-01-01,19.24900002181376,23.99324020075374,-0.004173901424534943
1898-02-01,18.918131888002147,23.551290011325072,-0.0005501052134227191
1898-03-01,18.042174923468686,22.43778414671467,0.0022245766228676106
1898-04-01,17.705089426411785,21.998739622916393,0.00462186823544939
1898-05-01,17.59563527451282,21.839402613257256,0.01303623366214026
1898-06-01,19.544817480548,24.234946843797793,0.00203304459725296
1898-07-01,19.858943014167313,24.597156500082146,-0.0011232274275904397
1898-08-01,20.544915179153286,25.417053562570153,-0.002596197184883367
1898-09-01,20.442732862691315,25.26304309181058,-0.0021445692694496976
1898-10-01,19.94719982577367,24.62718122980342,-0.0018673158147902366
1898-11-01,20.527416324811302,25.31904368550376,-0.004208102351561202
1898-12-01,21.40363198544819,26.371858460631408,-0.0046050711802031186
1899-01-01,22.932807416487194,28.222949576087544,-0.004067429276464876
1899-02-01,23.048117549980216,28.325993069592652,-0.00041025988703936866
1899-03-01,23.279682245508745,28.5703896846671,0.0003139376814578973
1899-04-01,23.1524215256865,28.371517887505814,0.0018540732642901223
1899-05-01,22.091269360834197,27.033363884659067,0.006334179078361556
1899-06-01,21.21209192504684,25.920743190931248,0.009501504064623287
1899-07-01,21.561425634523133,26.307639638375687,0.010012959005826105
1899-08-01,21.726237373055465,26.46662985471454,0.01092077467682774
1899-09-01,20.591140514113786,25.044683828420077,0.01598982188239266
1899-10-01,20.153713460686614,24.476723296282387,0.01824364730044302
1899-11-01,20.1964575208023,24.49141414818263,0.01932477428948865
1899-12-01,18.5126496436002,22.419855109110472,0.02377170054783693
1900-01-01,18.67427536244478,22.587334824329016,0.02573781156703521
1900-02-01,18.703797417251437,22.595749104853365,0.02689765296308927
1900-03-01,18.775793421238372,22.65855169287201,0.026734307147491393
1900-04-01,18.936402033322725,22.830122957226394,0.026324249917931558
1900-05-01,18.403197016950408,22.172115694151735,0.024232858651637677
1900-06-01,17.992711584303972,21.667091326067684,0.024286393111291132
1900-07-01,17.689545468952797,21.293889709957142,0.026508372245072756
1900-08-01,18.069614666784187,21.74546984348795,0.020503000596817963
1900-09-01,17.34187415122471,20.869225953924726,0.022910446651602412
1900-10-01,18.102398784556048,21.784692525130023,0.01930761348008883
1900-11-01,19.419584603760754,23.3654764918472,0.017974812589310545
1900-12-01,20.744051160870846,24.9511399170866,0.013490267445614525
1901-01-01,20.97858183453619,25.22310792884431,0.015441362892157348
1901-02-01,21.679149848206187,26.053251360808794,0.011385946036258691
1901-03-01,22.347583950683845,26.84086878778496,0.008747130120826403
1901-04-01,24.409716994827207,29.29380498925423,0.0024736219890211172
1901-05-01,23.064012684863552,27.66110204535108,0.0059728054263651145
1901-06-01,25.23846620596033,30.240388110984195,0.004568493362102827
1901-07-01,23.144848553708094,27.711150600769933,0.010564738337857399
1901-08-01,23.077177713844364,27.608909472820375,0.01186618852039046
1901-09-01,22.590468316860225,27.007461920877013,0.01520542069357357
1901-10-01,22.252901618408917,26.58645500664791,0.0158102566507971
1901-11-01,22.375074777652788,26.71321524902837,0.017977489621420525
1901-12-01,21.680215141029677,25.86678433843528,0.020547449641533225
1902-01-01,22.340290796033557,26.635699508412827,0.020493974303292313
1902-02-01,22.459957452460387,26.75607038946575,0.0201554814301438
1902-03-01,22.41065228821733,26.67413605563123,0.022808465227320183
1902-04-01,22.82310869849784,27.13631887951849,0.024471114945135083
1902-05-01,22.42795449332979,26.637764485324787,0.026342382656398586
1902-06-01,21.963742295514617,26.05879162661758,0.028371212083532382
1902-07-01,22.385686589401363,26.529400003167847,0.024709335896387796
1902-08-01,23.168671834092855,27.424898531949314,0.02059537247477844
1902-09-01,22.85656638195449,27.022746801512984,0.0222664997885541
1902-10-01,20.6044254018598,24.333335259523224,0.03379123549893959
1902-11-01,20.40854125507217,24.081790733787173,0.028188898983770715
1902-12-01,19.63323212682383,23.1483279292375,0.029881822071487346
1903-01-01,20.318132053828492,23.93362179952849,0.02546151546749459
1903-02-01,20.107051517552804,23.668501052173433,0.024686947627897804
1903-03-01,19.884560384872835,23.396709569309262,0.024210704457160594
1903-04-01,18.98002260182626,22.32632674182845,0.027760581705718185
1903-05-01,18.954858723039873,22.29434553241508,0.026681724642753743
1903-06-01,17.818551722968515,20.96115459165376,0.03251612460807791
1903-07-01,16.918178414766658,19.91040456555081,0.03804595244435379
1903-08-01,16.299118790903492,19.19401744926607,0.04429334624770494
1903-09-01,15.654359115196913,18.449326201499144,0.04382261855560596
1903-10-01,15.252943825778836,17.996685085169737,0.04292651107252162
1903-11-01,15.407877534297892,18.201733318104147,0.04366353068275034
1903-12-01,16.042894140050137,18.972073171795216,0.04237139504346587
1904-01-01,15.861833914033634,18.777066213618994,0.0481489554392365
1904-02-01,15.021498380331431,17.803035506120366,0.055357023109160595
1904-03-01,15.08193017625886,17.896547323807177,0.05679272206609212
1904-04-01,15.565490611691482,18.490327058739727,0.05349564824196267
1904-05-01,15.525820896254638,18.464783283770842,0.05121558713443854
1904-06-01,15.474433638652656,18.42466437607885,0.05136280831355527
1904-07-01,16.03640162962411,19.112780970977056,0.04903155004760617
1904-08-01,16.304651978851027,19.449753427953667,0.04621695794790072
1904-09-01,16.742600049163684,19.98823537671205,0.04429908922806985
1904-10-01,17.633197370821396,21.065460476613318,0.0440906924906588
1904-11-01,18.076200223770055,21.60536546382673,0.04495909013171535
1904-12-01,18.159679118703192,21.716798230078165,0.0461129478955936
1905-01-01,18.45985203245584,22.087689801665338,0.04515084406533425
1905-02-01,19.168996375829824,22.944184172180908,0.043188467656359676
1905-03-01,19.831506074218407,23.742093324670723,0.0403296918235847
1905-04-01,19.48292752471128,23.32863979005624,0.036922139219511055
1905-05-01,18.62948750984512,22.3134294294861,0.03674478571086428
1905-06-01,18.735862386183527,22.44529654253688,0.03509804968754175
1905-07-01,19.205883309548042,23.0098417544848,0.03521715586649458
1905-08-01,19.573308430803714,23.447498517743682,0.036851800488857715
1905-09-01,19.743492419697773,23.647692425098626,0.03528747661148221
1905-10-01,19.89739481432952,23.825645601554907,0.0349373786853821
1905-11-01,19.443525693264977,23.275233759234002,0.03731781877907997
1905-12-01,19.57796080909611,23.427096972362232,0.039588610620698406
1906-01-01,20.13240226080789,24.078997473407547,0.039675566924175946
1906-02-01,19.86675256367588,23.75161331769666,0.04161458175295277
1906-03-01,19.259453020854107,23.01907733640885,0.043001783462784965
1906-04-01,18.87620499611588,22.557115123058136,0.0453546414847521
1906-05-01,18.05404446092639,21.57387211863318,0.050240640291034394
1906-06-01,18.1726663764975,21.715576326751567,0.05122900541207511
1906-07-01,18.19520014351374,21.745449504726228,0.04747009624297462
1906-08-01,18.967251477549283,22.665609452316446,0.047371634291944104
1906-09-01,19.200993682001346,22.94287642232473,0.047681945197023026
1906-10-01,18.095380908869082,21.62396308597395,0.04985262450633313
1906-11-01,18.14185165400795,21.683247782770632,0.0476386254271034
1906-12-01,17.660003667768652,21.11396362190011,0.050043759456829984
1907-01-01,17.218913853705978,20.596389814753078,0.05317972932143329
1907-02-01,16.217071288766146,19.409252150981242,0.05879901160575104
1907-03-01,14.687545255978645,17.597254765750467,0.06395998613068173
1907-04-01,14.669709905602735,17.59427766957998,0.06540754954524773
1907-05-01,13.79010715342424,16.559343931780724,0.0733295082211956
1907-06-01,13.144269952673199,15.806056111254943,0.07780157555740239
1907-07-01,13.585007357961839,16.357098050767245,0.0751666906208552
1907-08-01,12.513471604446604,15.092007281741031,0.07669387939475072
1907-09-01,12.328569657736622,14.895547932371382,0.07477365329913248
1907-10-01,10.8318401530506,13.118926370609225,0.08833993148156219
1907-11-01,10.59117755918978,12.863256624926684,0.08597017044490049
1907-12-01,11.33330623581117,13.79821408804161,0.07740870289309018
1908-01-01,11.902968628266978,14.522352358595422,0.07189638260406483
1908-02-01,11.55484629514479,14.129214575724502,0.07193161672945625
1908-03-01,11.98466266446429,14.68372350104602,0.06891948886036456
1908-04-01,12.448889158370365,15.277960676657004,0.06703198777698426
1908-05-01,13.078451355438338,16.073179553710748,0.05630417127224624
1908-06-01,13.051684129229987,16.063482493706534,0.06350533344627633
1908-07-01,13.345487104834396,16.444418748089586,0.0644882284368703
1908-08-01,13.884232895208608,17.1249175525108,0.0616723425733962
1908-09-01,13.701442268825105,16.916213689856754,0.06272488169991662
1908-10-01,13.6908103591787,16.91853241822482,0.06398415573784297
1908-11-01,14.435014091256258,17.84978880426282,0.06141129381418598
1908-12-01,14.582482908962435,18.04231099869158,0.060431599334800114
1909-01-01,14.76441845644135,18.27886897506247,0.05858911263235583
1909-02-01,14.167157516701362,17.551012942214427,0.05955257646841428
1909-03-01,14.336058380586215,17.770999224836928,0.05859596707282835
1909-04-01,14.64519860308612,18.161144521921877,0.05774055990348479
1909-05-01,14.953509786582782,18.548405152076846,0.05726227688797467
1909-06-01,15.040444676080996,18.659373227262563,0.05641457920805494
1909-07-01,15.231503240497682,18.89833907901379,0.05409462646479068
1909-08-01,15.417580706254757,19.128911647815677,0.05286729833582768
1909-09-01,15.254446436821175,18.92589078547679,0.0505373940589074
1909-10-01,14.988845296121765,18.595961438316646,0.05231030423914049
1909-11-01,14.745631176824586,18.29434091490156,0.05301875245129044
1909-12-01,14.750638489265036,18.29971854594584,0.05260959034571181
1910-01-01,14.54788504056415,18.048500786602393,0.05244998640213818
1910-02-01,14.002037903032702,17.37414248591351,0.05384716903319012
1910-03-01,14.050006965077824,17.435730474563595,0.05549236938822475
1910-04-01,13.55988362082008,16.832242284802888,0.058968363511062584
1910-05-01,13.568792287251453,16.84995466455447,0.05939787927567449
1910-06-01,13.019657302315936,16.17690827240453,0.0627246645627964
1910-07-01,12.342581259985218,15.34733249964529,0.06562238501354803
1910-08-01,12.745055150886252,15.858955310848534,0.06327249337475835
1910-09-01,12.93716110107085,16.10872043328079,0.05979510593695843
1910-10-01,13.918866656445818,17.339823908583163,0.05248976494758451
1910-11-01,14.164523175780358,17.653921691005703,0.04910485347643044
1910-12-01,13.741478417781552,17.136316385812236,0.052485548384874396
1911-01-01,14.049215181401204,17.527975125717884,0.04956762270364155
1911-02-01,14.721488469928303,18.37459278519667,0.044360278841051676
1911-03-01,14.370623221979535,17.944211955514472,0.0470699764010383
1911-04-01,14.752935420329353,18.43068639699827,0.043259160708309825
1911-05-01,15.047660591685041,18.805342832580806,0.04190655289205489
1911-06-01,15.328355684719286,19.161771874042582,0.04066460981532014
1911-07-01,15.083110578700266,18.861627429791675,0.04152012374329102
1911-08-01,13.899790665654448,17.39259937277191,0.049103896459398826
1911-09-01,12.99795398325244,16.27997035927316,0.05387584785592083
1911-10-01,13.066472850619196,16.382298462120712,0.05344740984881333
1911-11-01,13.7279975864131,17.226467153366848,0.04745119494291518
1911-12-01,13.929258419578238,17.494076442996054,0.04409843542917355
1912-01-01,13.794952631845826,17.34076614648028,0.0470476408238356
1912-02-01,13.531634369686602,17.024470442136426,0.04914293070284783
1912-03-01,13.63976917394417,17.17251377704375,0.050265881303448695
1912-04-01,13.65439269055324,17.200337051440435,0.05164162062953902
1912-05-01,13.645500685612372,17.19887872315537,0.05011670072525538
1912-06-01,13.785417404502534,17.38433257834574,0.04681405774368823
1912-07-01,13.80287664501579,17.414315464952498,0.046355634792276806
1912-08-01,13.984761763426281,17.649150043747625,0.047238873758240645
1912-09-01,13.92628500131588,17.579229265969396,0.04697529258614501
1912-10-01,13.905092701178475,17.55610976501485,0.039873848016867934
1912-11-01,13.74954101860654,17.365109945477702,0.043679918829743154
1912-12-01,13.388999452579636,16.915632310225796,0.04314976142510908
1913-01-01,13.148088791761564,16.616510711718945,0.044020582792522724
1913-02-01,12.682960516236761,16.037450941848554,0.047051512502896756
1913-03-01,12.443453515183664,15.745059939032142,0.052210253654173935
1913-04-01,12.43306708179517,15.742029169880437,0.052519055048822795
1913-05-01,12.221401061154129,15.48645540852973,0.0554485291804662
1913-06-01,11.49196285276123,14.57700595122664,0.06192763674690521
1913-07-01,11.534022795459862,14.645116150014811,0.06288622755167766
1913-08-01,11.846840543564637,15.056415065211743,0.060838566129037625
1913-09-01,11.843316826625976,15.065935573976569,0.06095116122182326
1913-10-01,11.471490240312297,14.60985740141173,0.06510872196035129
1913-11-01,11.072537845038013,14.12013691554898,0.0707020157401892
1913-12-01,11.1740408700368,14.268761140269419,0.0691064028581346
1914-01-01,11.636092105046142,14.875360055450995,0.06342152742930654
1914-02-01,11.910233879798247,15.24217817036938,0.058042327223677206
1914-03-01,11.685526018836834,14.971980169053367,0.06073786169466484
1914-04-01,11.52266253620024,14.781642625967612,0.062010776197820076
1914-05-01,11.479008694164488,14.742681655780252,0.06567771883351257
1914-06-01,11.428715168831895,14.694917610765913,0.0659944152460061
1914-07-01,10.694345183040143,13.769849699257312,0.0729622912812101
1914-08-01,10.492046265076443,13.528140067051355,0.07552710247656474
1914-09-01,10.500497301802136,13.55823001530824,0.07420232310027496
1914-10-01,10.612759466126231,13.722477893212888,0.07212274741887853
1914-11-01,10.51691764299213,13.617092303207164,0.07160265201032098
1914-12-01,10.17221799199787,13.191719327709967,0.07375482593558735
1915-01-01,10.359834197757277,13.455503012706073,0.07190782363139464
1915-02-01,10.3297862096607,13.43576725301805,0.0713347179868569
1915-03-01,10.707013188682819,13.942381087442428,0.0682086390079309
1915-04-01,11.401123789000192,14.855567969356299,0.06370342372985313
1915-05-01,11.026929876471323,14.376666202260221,0.06901695385902692
1915-06-01,11.154262189096348,14.54859526342043,0.06814004213571452
1915-07-01,11.113629393949607,14.499550030038996,0.06862615357373833
1915-08-01,11.584831641604605,15.113448857043249,0.06395924085947771
1915-09-01,12.011570757825895,15.664883714157844,0.06221627196136809
1915-10-01,12.549076133220163,16.35409672119488,0.05981421271578318
1915-11-01,12.857714453559318,16.74013687228854,0.05788871956874936
1915-12-01,12.878444602185992,16.749313030943128,0.05676964871216051
1916-01-01,12.543563692516178,16.29702776682073,0.05998679158531076
1916-02-01,12.354652326458801,16.034835612136895,0.06105579976767139
1916-03-01,12.177052795748484,15.786513243251893,0.06306359144997692
1916-04-01,11.906481776593187,15.418161727089249,0.06574872264458739
1916-05-01,12.026256671905164,15.553193893472123,0.064579620295515
1916-06-01,11.995961222946585,15.493035511158222,0.06559125517043002
1916-07-01,11.791165275254558,15.208320664732778,0.0703645009627442
1916-08-01,11.732082638874166,15.109356185858454,0.06925546337440297
1916-09-01,11.944552417504475,15.35739632640626,0.06830811376991235
1916-10-01,12.045741763370803,15.460165685093664,0.06703148891235841
1916-11-01,12.053230403230506,15.442014290555148,0.06752161327959097
1916-12-01,11.413559188849497,14.59979332264269,0.07181205034640309
1917-01-01,10.99236142738343,14.041135988701297,0.0770000617564158
1917-02-01,10.063187738735731,12.84279955021274,0.08553166973413764
1917-03-01,10.32715708010788,13.170393039784491,0.0837977454129413
1917-04-01,9.644531197281236,12.294303251461319,0.09540489143548553
1917-05-01,9.138988813373581,11.65115426422398,0.10030784408299677
1917-06-01,9.148220259539587,11.666161646433137,0.10044670647542243
1917-07-01,9.003472377228805,11.48956269398032,0.10031754123277209
1917-08-01,8.572680466753784,10.950858128288122,0.10721879004303456
1917-09-01,7.950823264217065,10.172312597694532,0.11842264421516824
1917-10-01,7.38713371110815,9.471824730904865,0.12822085584760262
1917-11-01,6.75301360477431,8.685566999658066,0.14498243667172825
1917-12-01,6.4125938981198205,8.276399642938665,0.15633999923668374
1918-01-01,6.640646028655352,8.595793073444531,0.15411544909528263
1918-02-01,6.784343551630282,8.805231160083412,0.15289235664348771
1918-03-01,6.686355760455894,8.701989918919605,0.154362917593181
1918-04-01,6.52072773054716,8.50974322267618,0.1585491540435255
1918-05-01,6.582363231621082,8.611793024214055,0.15937049095408246
1918-06-01,6.496291318641054,8.520437710799524,0.16288504851967156
1918-07-01,6.371324093848988,8.376754187586174,0.16764209330860858
1918-08-01,6.303073760914592,8.3067830935781,0.1714794979245763
1918-09-01,6.14917056243168,8.123455571657978,0.17755205758811704
1918-10-01,6.290515321191321,8.327848122326689,0.1748179518063135
1918-11-01,6.333327495354155,8.401160261482252,0.17463797411724732
1918-12-01,6.134580411283429,8.154692711003735,0.17998283511502527
1919-01-01,6.098467639950102,8.124580564550621,0.18213113329680386
1919-02-01,6.239692771364976,8.329975195430453,0.17495652068251064
1919-03-01,6.35607400486914,8.500546247332393,0.17293190745470655
1919-04-01,6.456139555819274,8.647742227531756,0.16981497465453704
1919-05-01,6.829002261482031,9.158022480539653,0.16114095836448955
1919-06-01,7.021615214784131,9.42590415064967,0.15565526932897697
1919-07-01,7.052837165446309,9.475418508096574,0.15772882117381562
1919-08-01,6.479131101705276,8.71446095048172,0.17064096355555292
1919-09-01,6.5584816720612595,8.830183545823635,0.1679234143267491
1919-10-01,6.794704199949302,9.154895912259953,0.16192257750459024
1919-11-01,6.467022574133131,8.720924139143504,0.17028557703903743
1919-12-01,6.160717033799176,8.316097713382975,0.17884105892950652
1920-01-01,5.989667771139438,8.093561310184846,0.1863420961521563
1920-02-01,5.455347649907772,7.382545880838512,0.20369703325046373
1920-03-01,5.798822727557158,7.85632731146935,0.1917938399849513
1920-04-01,5.599858725506184,7.59611536758155,0.20002702354681734
1920-05-01,5.1889504620474955,7.050218771960478,0.21766737891949164
1920-06-01,5.043639680451619,6.864445335016815,0.225706092273008
1920-07-01,5.080592919540795,6.9264957589329486,0.22364726750461542
1920-08-01,5.0207010779228565,6.857875483818914,0.22431643473371807
1920-09-01,5.2971627701080575,7.247345271493248,0.2132697127200524
1920-10-01,5.351177393424155,7.332765891083622,0.21393756305947348
1920-11-01,5.126407930947926,7.0372510508450254,0.22368938063015106
1920-12-01,4.784241045083248,6.5824249808668895,0.23534006085393736
1921-01-01,5.122184146887373,7.060922716237085,0.2192079629022203
1921-02-01,5.2748571912050455,7.285788401716892,0.21414317843259154
1921-03-01,5.192348158684176,7.1866431496339915,0.2160920578171753
1921-04-01,5.297085922739674,7.347111245169342,0.21520858180944383
1921-05-01,5.609469225330774,7.795301223200644,0.20295342319783585
1921-06-01,5.216110960989319,7.2663741034908504,0.21644775043781017
1921-07-01,5.19777936190547,7.25908047219528,0.21723137134873222
1921-08-01,5.16129482321573,7.227560202015138,0.21585157871859117
1921-09-01,5.377524425458259,7.550587578930368,0.2064012363362298
1921-10-01,5.479257678053347,7.714162098732498,0.2036068699196354
1921-11-01,5.838196993200892,8.239946078763095,0.19353770826111436
1921-12-01,6.114158849417272,8.64985279407794,0.18696752320380897
1922-01-01,6.287087290347127,8.91709647318322,0.1795195618216014
1922-02-01,6.4613058726969825,9.185537869040061,0.174080106815289
1922-03-01,6.821387249036039,9.717409145828123,0.162432573087819
1922-04-01,7.273253390209862,10.378612240077565,0.15011860019363651
1922-05-01,7.59346725891938,10.851308007115502,0.14427069252660302
1922-06-01,7.557987351755128,10.815617689535213,0.14587981797708546
1922-07-01,7.602095045774035,10.892058792535375,0.14569327464091714
1922-08-01,8.020030689895776,11.501719558533326,0.13648243579404423
1922-09-01,8.265083002284307,11.861543308882682,0.13170642498863797
1922-10-01,8.432151998761901,12.10747181909754,0.129892486619515
1922-11-01,7.9982537722698375,11.491767155410148,0.13690598043210195
1922-12-01,7.964679864940002,11.449713276395808,0.13904051336828618
1923-01-01,8.154200483069154,11.725953614115136,0.13441486988785215
1923-02-01,8.53336057906597,12.272020083350817,0.129215815504828
1923-03-01,8.700737500978535,12.5118538518557,0.12721147552406908
1923-04-01,8.372809668463816,12.04067197655176,0.13258943586124278
1923-05-01,8.00049786759821,11.507770660192868,0.13948108359684205
1923-06-01,7.671825282673077,11.038669785687134,0.1446254893400404
1923-07-01,7.345985119490649,10.57499635874974,0.15082031447916544
1923-08-01,7.44178317421737,10.717769172275759,0.1487019019438563
1923-09-01,7.458183867189793,10.745088848507418,0.14821085527765077
1923-10-01,7.317400395621481,10.546507102779906,0.1516527076029616
1923-11-01,7.546327911916234,10.878671811855508,0.1467063621149534
1923-12-01,7.809739144938742,11.258350617018134,0.1435374023368957
1924-01-01,8.072249446037377,11.633992739691037,0.13962335892935634
1924-02-01,8.162066220850356,11.760979709538779,0.13887619650281113
1924-03-01,8.058077044116088,11.610015219838786,0.14000792613364055
1924-04-01,7.923620348327977,11.416959092815116,0.14273334858362088
1924-05-01,7.89969833066529,11.383531722775832,0.14221000739146017
1924-06-01,8.051676946396645,11.603299337130556,0.13998729179276168
1924-07-01,8.377712139971832,12.071823287457526,0.13487887811364768
1924-08-01,8.717418308548327,12.559042780803471,0.12768930742272616
1924-09-01,8.581670375209049,12.362730876100684,0.13028797514421847
1924-10-01,8.41949103587242,12.130082536261684,0.13435201723474424
1924-11-01,8.888327361250967,12.803950814956568,0.12721517587619618
1924-12-01,9.31063968041637,13.40839159434809,0.12392891919221906
1925-01-01,9.692618852254995,13.953065695481381,0.11986287085323864
1925-02-01,9.83080472281957,14.143902484635948,0.11900102849113878
1925-03-01,9.518537538810026,13.685923349947956,0.12416250134532489
1925-04-01,9.476566787903066,13.615545452014167,0.12310340370448433
1925-05-01,9.729007694021327,13.96381733711496,0.12007698527266286
1925-06-01,9.796386180450607,14.043411328040763,0.12073372793126164
1925-07-01,9.963993891787796,14.26301238449575,0.12036790116256758
1925-08-01,10.110918458488939,14.449940451105395,0.11905952231040805
1925-09-01,10.359247611348497,14.777258376991169,0.11683864606599494
1925-10-01,10.718495997022924,15.256796100151353,0.1127116397952452
1925-11-01,10.886317440307932,15.458345172036243,0.11216870688545683
1925-12-01,11.147365239137246,15.788866974247375,0.10957865215542242
1926-01-01,11.340966188506233,16.018850836070293,0.10717666605596021
1926-02-01,11.389435672748007,16.04127331519661,0.1070847533329106
1926-03-01,10.712352062732482,15.046869401752971,0.11131698916246485
1926-04-01,10.39558768595473,14.562366728257398,0.11403621939591532
1926-05-01,10.575158463806094,14.77186004190031,0.11110746549615294
1926-06-01,11.197979740229954,15.591949753085135,0.10456095641367764
1926-07-01,11.869694058481274,16.469124743360332,0.09859739029953637
1926-08-01,12.488808219521875,17.260693795594285,0.09313677086725103
1926-09-01,12.692614823344712,17.470213778374834,0.09083041184019539
1926-10-01,12.42651752158335,17.03381172227497,0.09152901878758926
1926-11-01,12.615251212344484,17.219085274376585,0.08936747716515261
1926-12-01,13.00905272899313,17.677841903544753,0.08634766050322908
1927-01-01,13.185930628677788,17.836264453737627,0.08352108254310013
1927-02-01,13.633966132216214,18.358019636037476,0.07780984486131415
1927-03-01,14.033257507604489,18.811934763187676,0.0751332249626946
1927-04-01,14.488222209157053,19.335123464058135,0.0678553772785578
1927-05-01,15.00234705573711,19.936096682958404,0.06446825650369493
1927-06-01,15.120333481747528,20.010588031136432,0.06353629006855142
1927-07-01,15.820802594477753,20.85472867508044,0.060442434969226265
1927-08-01,16.86286185276381,22.135608380554515,0.05435182187608262
1927-09-01,17.818723713516427,23.292169691516662,0.049430399146075596
1927-10-01,17.537237852261086,22.835106977288728,0.04939933865737847
1927-11-01,18.13130143495243,23.520186815644763,0.04694837409275165
1927-12-01,18.64662402140253,24.09919692491302,0.043926042689999494
1928-01-01,18.80612857170077,24.22041735776545,0.04126463782849273
1928-02-01,18.868850519584047,24.22142177312675,0.03895002692749823
1928-03-01,19.943417799064555,25.51376294869938,0.036595352942590566
1928-04-01,21.257909249487504,27.098639189464766,0.031823715303227085
1928-05-01,21.832732178740038,27.73359369641385,0.028825490853708953
1928-06-01,20.91342157686671,26.4820541040532,0.028629212973394963
1928-07-01,21.0819054352968,26.61384539122729,0.02530009282300686
1928-08-01,21.76213150257925,27.390718137541462,0.021602490360549058
1928-09-01,23.004649446159245,28.866481380789,0.018121294561627817
1928-10-01,23.57834423958505,29.500230182003186,0.014345079847843716
1928-11-01,25.121984571109603,31.33807994332779,0.00964466814146249
1928-12-01,25.301591027426152,31.47282543143591,0.007326400993958579
1929-01-01,27.08319962083278,33.590937699106384,0.004501453984911349
1929-02-01,27.13167279824739,33.555039532540235,0.006536990647710128
1929-03-01,27.675748437861888,34.12929095561017,0.004249048378068387
1929-04-01,27.568454472898306,33.902563138115276,0.0022395419813419845
1929-05-01,27.698586875008132,33.97007152318477,0.0017264044494609346
1929-06-01,27.93546783028869,34.16978639311386,0.0022656304519137888
1929-07-01,29.933289406842203,36.5109519684204,-0.001618582994118059
1929-08-01,31.480313247172997,38.29169555843721,-0.004708985320823873
1929-09-01,32.5637885987767,39.50068869797186,-0.00606951631086497
1929-10-01,28.961067164354795,35.047458190086346,-0.0036562270419569984
1929-11-01,21.171036000097043,25.588770763962717,0.00713369227228506
1929-12-01,22.00737317641833,26.566024428345138,0.0029000080484936977
1930-01-01,22.310724294336847,26.898469896328514,-0.00010822635497040323
1930-02-01,23.69711774933588,28.53359099168125,-0.004368862214401074
1930-03-01,24.58660779266885,29.56842949938427,-0.007524372205196805
1930-04-01,25.84343686201831,31.04092011931702,-0.011914769695241932
1930-05-01,24.309760633908176,29.174802108988985,-0.011533983314308084
1930-06-01,21.866899333389483,26.23584668157191,-0.008977438069471898
1930-07-01,21.54879759254665,25.85322579880007,-0.009046264539737364
1930-08-01,21.300602241118156,25.55847387197044,-0.006757379401212946
1930-09-01,21.072581788447316,25.290051551861218,-0.004238740822291497
1930-10-01,18.21487015465863,21.88111820763573,0.003063690708103785
1930-11-01,16.93971137777517,20.37793838549781,0.007052520682752986
1930-12-01,16.055001856531327,19.34960357873386,0.010454922060588345
1931-01-01,16.705478731547615,20.16754087441771,0.008806309954358035
1931-02-01,18.16149243697609,21.955007167462433,0.0056344747348846674
1931-03-01,18.57956103279129,22.489225916378565,0.004019637285697021
1931-04-01,16.87231533160967,20.459812584802645,0.009631114351787089
1931-05-01,15.40153999911011,18.720726910122224,0.01592970353870063
1931-06-01,15.062476074643248,18.35560458401369,0.016369824995931745
1931-07-01,15.516750095516322,18.95524228818745,0.013585027838757292
1931-08-01,15.006276602886544,18.380525991208895,0.015493991974094165
1931-09-01,12.817745261106886,15.756886512834587,0.027053310824360383
1931-10-01,11.145926407660932,13.764337388796356,0.037813566467066705
1931-11-01,11.415600295644676,14.160676478302928,0.034645190862895046
1931-12-01,9.306032867968318,11.613199088567853,0.05411516489418414
1932-01-01,9.312406455177845,11.690735613244435,0.05401698211852564
1932-02-01,9.336932251008406,11.788158853263367,0.05265908011265316
1932-03-01,9.413065028012213,11.947423933156468,0.05257143929266867
1932-04-01,7.192233196115489,9.194748213584605,0.08497925765276122
1932-05-01,6.390857289881446,8.23631866493341,0.10130033260620125
1932-06-01,5.5650593715289665,7.2376339262945955,0.12410976098602763
1932-07-01,5.838763671851203,7.654884014145603,0.11540991841757034
1932-08-01,8.834653205181215,11.63137792799551,0.05808985339692292
1932-09-01,9.761168564063714,12.893505025072669,0.046926287026324905
1932-10-01,8.478606607689084,11.242814157261991,0.06141159533027664
1932-11-01,8.4633095671229,11.262911076993221,0.06061268616557144
1932-12-01,8.257073999100685,11.026422344303823,0.06255143145346906
1933-01-01,8.728046162813532,11.691967993175698,0.05540385057403726
1933-02-01,7.826051751316601,10.523079525637074,0.06724674762850744
1933-03-01,7.87468132294317,10.62679050390457,0.06584759037932625
1933-04-01,8.723101646068114,11.805335595835274,0.053078308378454626
1933-05-01,11.249651251932447,15.246808142532846,0.027490163162586796
1933-06-01,13.098875517269521,17.765664123579928,0.015294045467209826
1933-07-01,13.754304493874537,18.661295964763028,0.013692183456504498
1933-08-01,12.999527050367744,17.64636113948239,0.019380219800860854
1933-09-01,12.922920614885998,17.55045364052349,0.019426539845217028
1933-10-01,11.696253568143701,15.89662555960168,0.027136042354103683
1933-11-01,12.01176619338994,16.33498388149351,0.02504861695483325
1933-12-01,12.28180162260112,16.709206885291188,0.023376525873983506
1934-01-01,13.025119828332382,17.723577324689646,0.018888305469469707
1934-02-01,13.926922904274301,18.94940244124684,0.015491638140697525
1934-03-01,13.254537629740089,18.03649356197154,0.019977583686114575
1934-04-01,13.518389284490096,18.396276947912714,0.019352156359813764
1934-05-01,12.181583235024027,16.583942576102277,0.027744981955740003
1934-06-01,12.28772648395243,16.734478982141688,0.028042045242693436
1934-07-01,11.741524229318246,15.99949823245135,0.031530291351625724
1934-08-01,11.31502598182905,15.429440235825352,0.035588081455892685
1934-09-01,10.909954083288845,14.889060036884644,0.04001878164181146
1934-10-01,11.108352605351728,15.171974636031164,0.037366377272122275
1934-11-01,11.4488086902057,15.64760013557141,0.03496436017184488
1934-12-01,11.639337566475886,15.918287827037352,0.03251888039989979
1935-01-01,11.495907968201598,15.73197558327282,0.035311025162538555
1935-02-01,11.087812159055561,15.179973139310752,0.039911290060126565
1935-03-01,10.398272404790031,14.241120748641013,0.04544215282497626
1935-04-01,11.104210207149519,15.203114450417113,0.040722612186610906
1935-05-01,11.98557668348009,16.397052898465702,0.03365004319948619
1935-06-01,12.539519324443887,17.136505102037564,0.028247919232257224
1935-07-01,13.202137936511004,18.016989509797185,0.023253755404173043
1935-08-01,14.105056846668951,19.219226540421484,0.018521673753049445
1935-09-01,14.418891702707425,19.61552148991376,0.017095239052496852
1935-10-01,14.82623262711408,20.137764924493016,0.015306465382436393
1935-11-01,16.12960516325114,21.868060170749104,0.009044033083028327
1935-12-01,16.159192714615322,21.869913075541888,0.00958982964150884
1936-01-01,17.087359845997234,23.08229070469264,0.006345008355202554
1936-02-01,18.10453645951778,24.406816425328532,0.0030319918323534756
1936-03-01,18.66047820392601,25.104585822781548,0.0011986641291622177
1936-04-01,18.718999665151493,25.132351826424667,0.0004605313200986075
1936-05-01,17.750192519328635,23.787637409301347,0.0038968865356358157
1936-06-01,18.39300106583134,24.600188642602657,0.0031610941699746764
1936-07-01,19.360464512319123,25.838977130610264,0.0022336429359787816
1936-08-01,19.623060162983748,26.133390803641163,0.002778801820281805
1936-09-01,19.862024243287628,26.395710211981697,0.001580104129227107
1936-10-01,20.913091852533118,27.73333727400842,-0.0015323636777370767
1936-11-01,21.49976534102415,28.451474941810446,-0.0034157639075072938
1936-12-01,21.125663548155433,27.902761077390405,-0.0026171082025578593
1937-01-01,21.618741582953497,28.4956379266387,-0.001914781796558629
1937-02-01,22.24422155280515,29.25692843669776,-0.002554466582997475
1937-03-01,22.042197016050565,28.92836198628084,-0.0007852409874235175
1937-04-01,20.55657945743285,26.92894686820971,0.0032817335242659312
1937-05-01,19.4741746865721,25.47260246691422,0.0062037965103382275
1937-06-01,18.711659960364955,24.44656349720488,0.007275546932276555
1937-07-01,19.646723279607624,25.628756089453603,0.00719823778265994
1937-08-01,19.80698257738096,25.79355196445113,0.0074561422622180865
1937-09-01,16.847882862705813,21.913400533669723,0.0165292955135799
1937-10-01,14.361659574753357,18.672774871583698,0.0263379831975706
1937-11-01,13.158119166486069,17.113718043460718,0.03269786862229941
1937-12-01,13.008483033706138,16.928806001197096,0.03299238138244401
1938-01-01,13.511461918562418,17.59120204742217,0.028858466812653624
1938-02-01,13.263076236460865,17.278131157697977,0.03085845814178091
1938-03-01,12.377286234697685,16.140609995378366,0.0364209897841921
1938-04-01,11.789517720684183,15.393610143198455,0.04130907317683165
1938-05-01,11.992275930545693,15.677821270315924,0.03877639074427318
1938-06-01,12.288966307788128,16.083606052598896,0.03750164444043317
1938-07-01,14.770328017492062,19.332142114203595,0.02399780533605339
1938-08-01,14.90358851260437,19.505140465262354,0.023559102649396813
1938-09-01,14.28233050863997,18.69288647009768,0.025504494672704117
1938-10-01,16.061147643333438,21.007760685339612,0.017787274932387666
1938-11-01,16.14957180071551,21.100739467650847,0.017613036620319072
1938-12-01,15.756484438994004,20.55860179418667,0.019895869007101587
1939-01-01,15.599634410919284,20.324966524351225,0.02070066816154087
1939-02-01,15.664696928954767,20.378795316805164,0.01985701408343514
1939-03-01,15.729223743214224,20.42899921018116,0.020294782447704884
1939-04-01,13.9169945798124,18.052037760640463,0.02856903646779821
1939-05-01,14.50292949965777,18.782552949801367,0.0252130622379637
1939-06-01,14.833828921489783,19.17798664484767,0.023225714827656556
1939-07-01,15.270952598570249,19.706503149702883,0.020283560367290863
1939-08-01,15.120082343333973,19.476322694888815,0.021061966700567217
1939-09-01,16.452835577060956,21.145000339724813,0.01793437351152745
1939-10-01,16.82120480626563,21.569692820968008,0.01603126167156039
1939-11-01,16.599238509946638,21.237270183870685,0.016951215255656626
1939-12-01,16.280412901283828,20.784015129907626,0.018823727111642097
1940-01-01,16.378480342613663,20.860773184593906,0.018449926158429553
1940-02-01,16.216119847731058,20.60653362319494,0.020555367211535183
1940-03-01,16.172906305307897,20.505754657089835,0.021515605176069638
1940-04-01,16.370988707128788,20.710720299995668,0.020405333024727475
1940-05-01,14.138747694800726,17.861798289357672,0.030844754648737413
1940-06-01,12.843765598268808,16.21264775114826,0.03947430057129109
1940-07-01,13.369884763210058,16.86223031333718,0.03710469109993483
1940-08-01,13.649399392391635,17.199450235230632,0.03638389967306204
1940-09-01,14.21484259862064,17.894527295628066,0.03309206681458914
1940-10-01,14.328290323104955,18.021167440415674,0.03334593345226505
1940-11-01,14.636689248763608,18.393381330164452,0.03269024417405583
1940-12-01,13.908426122353836,17.47011511194825,0.0390053322239096
1941-01-01,13.904158267950828,17.45972403115238,0.04047838438753476
1941-02-01,13.00294330340245,16.330448496085086,0.0462896330682669
1941-03-01,12.95571982206333,16.27420136378623,0.047477159338851195
1941-04-01,12.429370389220786,15.620596350743062,0.051653928535461066
1941-05-01,12.03720651248158,15.138524744744736,0.055831630874339844
1941-06-01,12.164306590628442,15.30741537916998,0.057901603030118695
1941-07-01,12.744996277919583,16.045059460934322,0.05373104057833633
1941-08-01,12.463173720387806,15.69806213384448,0.056428920036089306
1941-09-01,12.279729272093082,15.475689806719137,0.0591996951627336
1941-10-01,11.577814956574075,14.603833689036174,0.06569975715858947
1941-11-01,10.911668685916963,13.782187279853906,0.07255785021929936
1941-12-01,10.086593309917903,12.764729919112984,0.08096627743906742
1942-01-01,10.10168643192925,12.80779972330018,0.08377724425041957
1942-02-01,9.680255591749363,12.300243464664593,0.09014327718468033
1942-03-01,9.00342661776097,11.470465379020219,0.09989484720160219
1942-04-01,8.544255707588261,10.918206150831168,0.10721421232122588
1942-05-01,8.506116259696054,10.9012483868251,0.11045791687741954
1942-06-01,8.905456928518054,11.442697243987258,0.10592353761816532
1942-07-01,9.150488900994745,11.784997227682243,0.10353127198083709
1942-08-01,9.012823047564297,11.634971805540625,0.1065644605463146
1942-09-01,9.077829839371503,11.745145809200286,0.10652043750087252
1942-10-01,9.599176749352988,12.44215286960973,0.10252615661656951
1942-11-01,9.661334152171658,12.543111801092843,0.10323139333544548
1942-12-01,9.617514103283177,12.50487250262111,0.10508258054935472
1943-01-01,10.150534220432082,13.213565770538404,0.10119365235814598
1943-02-01,10.70898299522127,13.952601800590966,0.09765444905290484
1943-03-01,10.850541744036803,14.146459872218632,0.09905521660067994
1943-04-01,11.039227142939692,14.400210502607536,0.0986649542606926
1943-05-01,11.362215800613694,14.827344489187855,0.0966736074485306
1943-06-01,11.516744786451232,15.033775620802544,0.09466776785756377
1943-07-01,11.774213341781659,15.373683748423002,0.0889738776252999
1943-08-01,11.210545904158966,14.645291104906294,0.09186150004782787
1943-09-01,11.336281939610283,14.816447618832898,0.09145613260539237
1943-10-01,11.187335503326029,14.62998701387415,0.09262224462976597
1943-11-01,10.631033673001419,13.915069560218257,0.09729135245136991
1943-12-01,10.73736031604107,14.068001177874839,0.09635154866849567
1944-01-01,11.052412763977472,14.494846472285836,0.09368843717874287
1944-02-01,10.947918887724724,14.372484109547703,0.09386811511961994
1944-03-01,11.224693196180686,14.749564229990975,0.09170751556267556
1944-04-01,10.938275188239402,14.387983948343416,0.09472082308911099
1944-05-01,11.103736936792624,14.620020758909023,0.09345016828904619
1944-06-01,11.532785272532506,15.197274767915035,0.09000715082036126
1944-07-01,11.738774750180719,15.480309849362962,0.08915965960239093
1944-08-01,11.54171167420922,15.23340793041628,0.09070582138511663
1944-09-01,11.32856058469647,14.966305729668392,0.09090550278436418
1944-10-01,11.583105186279122,15.315966613277235,0.08981533233906128
1944-11-01,11.478459198055475,15.190706986565084,0.0906940701465481
1944-12-01,11.638683593355124,15.414205958668198,0.09093004126625825
1945-01-01,11.960463439806988,15.850197374836542,0.08718708882936278
1945-02-01,12.341753548186308,16.36084162334254,0.08400173904196746
1945-03-01,12.323310311389324,16.33900937981824,0.08427300332071189
1945-04-01,12.631867236563073,16.74587999264598,0.08169453955308413
1945-05-01,13.036560628785349,17.27637005312436,0.07996185719630165
1945-06-01,13.13022336140605,17.391992046675053,0.08145325936582432
1945-07-01,12.867028443009152,17.035325856511683,0.08316111469724176
1945-08-01,12.915378562256734,17.092121054476237,0.08302016885970828
1945-09-01,13.798264951719775,18.249640785494687,0.07821597266288072
1945-10-01,14.374662675391335,18.99888054470873,0.07545994251796664
1945-11-01,14.847702661876774,19.608975958272865,0.07264603473680935
1945-12-01,15.020347474739957,19.821351248851318,0.07258817469802946
1946-01-01,15.623163177761665,20.599482382192512,0.07016934325454083
1946-02-01,15.761666525801903,20.7655417490592,0.06899061579392488
1946-03-01,15.134873415142529,19.926591500429517,0.07344623369946217
1946-04-01,16.04084238621591,21.10191695550849,0.07022564907240905
1946-05-01,16.013723170832176,21.048307121707552,0.07083960614331003
1946-06-01,15.77318688012874,20.714507926611418,0.07210057268285236
1946-07-01,14.508136111909065,19.03897404049839,0.08273944558974865
1946-08-01,13.984939309942755,18.340641021743657,0.08659838147711225
1946-09-01,11.841267540149632,15.527660854694735,0.10051583018992168
1946-10-01,11.387602961765042,14.931866479299618,0.10584847069030615
1946-11-01,11.110043656743292,14.565527161951879,0.11046659850288858
1946-12-01,11.372779425862705,14.904166173962999,0.10931230061839765
1947-01-01,11.469296334735576,15.022197025934357,0.1077796741638497
1947-02-01,11.94956531420944,15.63722858443902,0.10411708620482768
1947-03-01,11.287903096501283,14.757502576039055,0.11005042001644609
1947-04-01,10.90082512639267,14.239032702754551,0.112305276635729
1947-05-01,10.733674273688537,14.008519289638588,0.11284855290399029
1947-06-01,11.082715855052092,14.448343003675776,0.1102312645126274
1947-07-01,11.69644655335436,15.22661058944901,0.10556057364060731
1947-08-01,11.33747235532983,14.739100764648157,0.1095109223780216
1947-09-01,10.827463017228832,14.05803293281895,0.11508689211783996
1947-10-01,11.132662042754784,14.435005794121903,0.11239659547338418
1947-11-01,10.975407324839068,14.214670910685859,0.11469919212401684
1947-12-01,10.680912531969186,13.820049087776754,0.11913197089243804
1948-01-01,10.419342657320323,13.470659208036286,0.12413325641961878
1948-02-01,9.999761169144179,12.92212392536309,0.12812050084785861
1948-03-01,10.18668060948967,13.157348384869675,0.125945156896441
1948-04-01,10.779484482024616,13.912519101434734,0.12169500310549992
1948-05-01,11.241032697984433,14.496634879651308,0.11918067168503875
1948-06-01,11.583895756523841,14.925847493337102,0.11753481139368556
1948-07-01,11.134621739180933,14.338438705434086,0.12243242819353195
1948-08-01,10.723556662478135,13.80416363649168,0.12641558155058846
1948-09-01,10.553013689399162,13.58159517256971,0.1280309330149222
1948-10-01,10.825409809169496,13.929311962219332,0.12607485528211437
1948-11-01,10.248096205635575,13.18703534099853,0.1305173240499457
1948-12-01,10.159652938900917,13.073862008778573,0.1310378342352119
1949-01-01,10.248285758038984,13.187399442600734,0.12985598440762078
1949-02-01,9.872517140570059,12.705981845428802,0.1334350341276561
1949-03-01,9.901332491240922,12.744166953113304,0.1331319178392586
1949-04-01,9.783639867544059,12.593798560825595,0.1355435854372077
1949-05-01,9.692295086395815,12.478488236972922,0.13605567445491154
1949-06-01,9.067718943419534,11.680724874168517,0.143596788926698
1949-07-01,9.605038093363923,12.375822887753245,0.1365317543033211
1949-08-01,9.851348638079234,12.693529992002611,0.13436488137167557
1949-09-01,9.884048361738289,12.735568365609867,0.1321939924064729
1949-10-01,10.169850844772144,13.104711241762132,0.12920684542664873
1949-11-01,10.215861011650645,13.165319750818005,0.12919955980889689
1949-12-01,10.529330904131148,13.570829980109979,0.12538752170992376
1950-01-01,10.745733299747908,13.849682296613805,0.1237745133183517
1950-02-01,10.911564066731682,14.06092492558857,0.12139665169662327
1950-03-01,10.910946522976257,14.056777000220661,0.12164080233493052
1950-04-01,11.178021600956095,14.39494088612735,0.11924266123305867
1950-05-01,11.46154310458623,14.750478376961704,0.11726693985923525
1950-06-01,11.554126144044286,14.858173852604375,0.11605312575784084
1950-07-01,10.53974565893099,13.550950714985744,0.12624655831063292
1950-08-01,11.040611670261539,14.189059134964516,0.12260690914540669
1950-09-01,11.3373911022773,14.563472220744728,0.1204616466375262
1950-10-01,11.66244403910526,14.97221256398643,0.118658235816299
1950-11-01,11.542173388716297,14.812579571593142,0.11977266934561014
1950-12-01,11.306665788890763,14.508560511396038,0.12189353128627989
1951-01-01,11.895759839437066,15.25799753542522,0.11898759156334361
1951-02-01,12.141507370682694,15.565638866147728,0.11844055145727521
1951-03-01,11.841626487283099,15.177316546374948,0.120096636801555
1951-04-01,11.951097197083957,15.314143757332678,0.11848676067127079
1951-05-01,11.863875406269177,15.200667239383645,0.11868144406708798
1951-06-01,11.615664857025179,14.884429187428122,0.11820658882878607
1951-07-01,11.77819009245781,15.093562700583254,0.11692697213559156
1951-08-01,12.256989084145143,15.70390873499036,0.11208956621321098
1951-09-01,12.444953157150039,15.939525555027885,0.11016963472607762
1951-10-01,12.309457904118693,15.760621840301779,0.10997701425032111
1951-11-01,11.852030617771044,15.171743623530055,0.11313575035964316
1951-12-01,12.147072568106784,15.543321334370377,0.11071067066355049
1952-01-01,12.527059748172304,16.02245008652185,0.10676999643852494
1952-02-01,12.364119350461094,15.81103635115872,0.1062306801640431
1952-03-01,12.362339087390371,15.807510372330905,0.1047945237945607
1952-04-01,12.24272868326689,15.656398613772168,0.10520389396216306
1952-05-01,12.200478761945842,15.606497043627146,0.10406537969125466
1952-06-01,12.447881581789373,15.927302555632716,0.10270816211925098
1952-07-01,12.669112889622486,16.21404352437048,0.10132758807191533
1952-08-01,12.678378236328623,16.23037153788186,0.10050683182892761
1952-09-01,12.434678020425508,15.924746204626699,0.10192764735731108
1952-10-01,12.131183558686876,15.543695751343824,0.10255109844602084
1952-11-01,12.473469765515311,15.986440360881495,0.09953855242085678
1952-12-01,12.933964306161375,16.576519452417234,0.09593778273966827
1953-01-01,13.01077344799518,16.673801176941975,0.09496362744553177
1953-02-01,12.859346880687903,16.47904862186491,0.09576630755228761
1953-03-01,12.834819340092496,16.44606382745109,0.09476102638442568
1953-04-01,12.163901454006801,15.589068380196139,0.09726819747629625
1953-05-01,12.141970791867784,15.563203387107299,0.09501029523636663
1953-06-01,11.624407885470085,14.904522212477083,0.09846726592393613
1953-07-01,11.750201645310005,15.069129207230212,0.09994449232654258
1953-08-01,11.715076201734004,15.027019046734061,0.1009908239645659
1953-09-01,11.139349357262926,14.29474795419707,0.1056003715678356
1953-10-01,11.391934765421418,14.623798898879684,0.1060975755925915
1953-11-01,11.644070268505775,14.953068513374754,0.10360914376609938
1953-12-01,11.7544491840273,15.101395257015959,0.10370269083937061
1954-01-01,12.002650554927833,15.427061391002443,0.1030434522983709
1954-02-01,12.215052485432844,15.7057553654446,0.10169472728013379
1954-03-01,12.42010529518998,15.974058403613139,0.10134313684560123
1954-04-01,12.907868184060927,16.603059291869457,0.09811350560272977
1954-05-01,13.312042238025866,17.12137089768933,0.09535006165318283
1954-06-01,13.357885903659007,17.178043503737324,0.09439758919551672
1954-07-01,13.833009564245335,17.784289655101247,0.09203533309436349
1954-08-01,14.042112347320582,18.047877301272532,0.09035884137731517
1954-09-01,14.356474143296982,18.44576415335833,0.08821118277091212
1954-10-01,14.61923193573057,18.776965474104706,0.08645924352171834
1954-11-01,15.117311697434394,19.407607457588686,0.08370552449297153
1954-12-01,15.789062002327094,20.257529192442476,0.07961472867057666
1955-01-01,15.990781062969843,20.501927865048497,0.07781577622636567
1955-02-01,16.437728215987125,21.056961301473883,0.07571540125966078
1955-03-01,16.219282945537802,20.759297152464598,0.07623475077402157
1955-04-01,16.685266628063513,21.334047746091063,0.07381285877512954
1955-05-01,16.518057827257806,21.097803794241596,0.07373630484653113
1955-06-01,17.37009196340532,22.157121672370533,0.06941090871914063
1955-07-01,18.454031906632885,23.503510201463087,0.06521811352416776
1955-08-01,18.22232646304776,23.17369665448262,0.06520714830858969
1955-09-01,18.843960654261316,23.92553130772303,0.06378423418526824
1955-10-01,17.7723257893861,22.532366303323766,0.06788408978308569
1955-11-01,18.835559288273906,23.841583744997806,0.06460790423634749
1955-12-01,18.942369035813584,23.937765745387555,0.06264825808600269
1956-01-01,18.2925853854189,23.08245908421751,0.06512350904143847
1956-02-01,18.26611681512779,23.01721641874301,0.06637558693981144
1956-03-01,19.371210099299965,24.373586635398738,0.060910141321596036
1956-04-01,19.370593634578505,24.338669114170255,0.05853257027214732
1956-05-01,18.544506591754438,23.274196470664428,0.06175470056837124
1956-06-01,18.1581638469587,22.76741655855814,0.06325181869849279
1956-07-01,18.856797596896794,23.62031167520172,0.05495081588539032
1956-08-01,18.670937110186422,23.368947299227298,0.05083779386334243
1956-09-01,17.836640796312025,22.311473210449876,0.052204639380191556
1956-10-01,17.418952948636136,21.77726900441313,0.05232554325580101
1956-11-01,17.120339736628257,21.39208741537232,0.0493870934627005
1956-12-01,17.197522725560926,21.4744987955612,0.047538713978886975
1957-01-01,16.71778007853301,20.863186388755366,0.050507358501613704
1957-02-01,15.843733142229743,19.76263243790891,0.05537812004104427
1957-03-01,15.900417108869167,19.82183674226999,0.052933175375417425
1957-04-01,16.123704360211757,20.08683118874507,0.05173003200934926
1957-05-01,16.598110789114266,20.661106693401837,0.04912398212751333
1957-06-01,16.729918872472865,20.80676372512059,0.04654777995475149
1957-07-01,16.868882383979802,20.959760285686013,0.044554786032350566
1957-08-01,15.868942729452241,19.702677805273026,0.04691584125337617
1957-09-01,15.157274488962212,18.807961927666806,0.04772818123155337
1957-10-01,14.149451489483534,17.551467653382645,0.05192737707581739
1957-11-01,13.736242235298487,17.035278552833894,0.056470571137262164
1957-12-01,13.673246057951387,16.954577613038236,0.06058955909049748
1958-01-01,13.78843155230763,17.094108854212227,0.060595434959735614
1958-02-01,13.784906390337678,17.08728198881139,0.061877887208465876
1958-03-01,13.92558992389294,17.258155337067222,0.06299125007704465
1958-04-01,13.91350176526278,17.239665390241093,0.06267794257358464
1958-05-01,14.32382496840923,17.742987045801215,0.059791646042329574
1958-06-01,14.635555551956267,18.1224510082622,0.05695567923070745
1958-07-01,14.95745710190113,18.513137401048013,0.05227756453464144
1958-08-01,15.54456689116592,19.229233309769267,0.045585163707002926
1958-09-01,15.931923184092842,19.695350298388732,0.04182106633622133
1958-10-01,16.55980331035157,20.455148275406554,0.039457090686644394
1958-11-01,16.98888357938633,20.965610881429544,0.03972103343144633
1958-12-01,17.358357365369958,21.39951046559886,0.037338063210747896
1959-01-01,17.980339342993386,22.140010454221404,0.03452070048702471
1959-02-01,17.75916926361142,21.841682331178752,0.036314250209677844
1959-03-01,18.200871845485633,22.355431528386664,0.03464773301871927
1959-04-01,18.43075304878342,22.606141738483984,0.032587143118029196
1959-05-01,18.692721439594177,22.894229168466897,0.03035432472605465
1959-06-01,18.448591397066476,22.562214820417093,0.030685698424929714
1959-07-01,19.090533975796507,23.310742907975133,0.02947063577364336
1959-08-01,18.958803640750205,23.114626571364788,0.02910475620080244
1959-09-01,18.123290556758622,22.065621822784525,0.028957426532419797
1959-10-01,18.02196244151542,21.91329351265729,0.03197373647861374
1959-11-01,18.07178913057021,21.945863395901196,0.03139061226480769
1959-12-01,18.624728977900105,22.588315691509774,0.029010076868157722
1960-01-01,18.338284994375567,22.215441275545864,0.029634527949424005
1960-02-01,17.545275108945976,21.23385676980203,0.034747577618196336
1960-03-01,17.286020720522153,20.901862083864042,0.03756823452125082
1960-04-01,17.42976694759721,21.057013645324005,0.03713829621486329
1960-05-01,17.256170578727918,20.829617960486168,0.03658318385692865
1960-06-01,17.82336381726475,21.494025476015544,0.03665456176024943
1960-07-01,17.376806472898117,20.937549239049776,0.03931696060144467
1960-08-01,17.582113039577678,21.16603187120123,0.038801705124786784
1960-09-01,17.052015467817665,20.51120466764096,0.040151038844062646
1960-10-01,16.605104536251034,19.95822762948363,0.04068368452938363
1960-11-01,17.146088452419004,20.590981751601525,0.0379701285161348
1960-12-01,17.562090833957132,21.071250947942268,0.03625922615954216
1961-01-01,18.47041698647718,22.138023912072324,0.03184484865175586
1961-02-01,19.23401449829836,23.02874328029007,0.029103054689369363
1961-03-01,19.844225272725573,23.733978127182574,0.02751025777265291
1961-04-01,20.382842975754777,24.352100217522825,0.02577863345904219
1961-05-01,20.598606843297347,24.58439827006408,0.02557234848632097
1961-06-01,20.332414551592297,24.24396485326974,0.024507926215313496
1961-07-01,20.14664373682732,24.00173244909695,0.025240009310458375
1961-08-01,20.941688475215187,24.927371788688745,0.021816815188407723
1961-09-01,20.70524304414726,24.626812599567035,0.022520573809431912
1961-10-01,20.924190141010794,24.869916653028216,0.022227504665063416
1961-11-01,21.857957721959675,25.960088110372347,0.019215321648647497
1961-12-01,22.041480198382267,26.158967454388574,0.017251533180928584
1962-01-01,21.19793140001523,25.142459916082917,0.018856943716482583
1962-02-01,21.451687754873387,25.42705712071744,0.019803478924056074
1962-03-01,21.44315856852624,25.400593865759614,0.02092202095831082
1962-04-01,20.65833644764903,24.457371048910872,0.023545227932979314
1962-05-01,19.08936749811665,22.59273901198214,0.027223802149255724
1962-06-01,16.827571244792466,19.917222641066683,0.0334817835731625
1962-07-01,17.141325661322792,20.2890716639021,0.030967289321607847
1962-08-01,17.571262631045535,20.797371453348287,0.029839850791958493
1962-09-01,17.321461147465477,20.501925308455853,0.03099433297625455
1962-10-01,16.739820967901334,19.8162786713771,0.033500278187628955
1962-11-01,17.854386489497145,21.134634868091076,0.029871128091809203
1962-12-01,18.585836118439865,21.996928448150378,0.028266895655685007
1963-01-01,19.259231693254055,22.787775396063665,0.02706584182096207
1963-02-01,19.469191309671412,23.029397502210227,0.025987675611033267
1963-03-01,19.288064606604838,22.808875397934827,0.02632110095203833
1963-04-01,20.150077238226984,23.819656401644686,0.023703168769710015
1963-05-01,20.507585864952606,24.232447349964087,0.022857678405550967
1963-06-01,20.384149993841,24.077153173393224,0.02250583709266983
1963-07-01,19.969231885949636,23.578826512048266,0.02355582562966658
1963-08-01,20.47263790052768,24.163214231057243,0.022147006613097993
1963-09-01,20.96036009070511,24.72713681695028,0.020210426714588697
1963-10-01,20.891344595411496,24.63455420656683,0.020021572622875648
1963-11-01,20.720399335339707,24.423701791634468,0.020692523571010396
1963-12-01,21.038599376737054,24.78906855362928,0.02019120782495401
1964-01-01,21.627216196980932,25.471838579072298,0.01849756250154372
1964-02-01,21.832670826710327,25.702472478695213,0.01826244310498494
1964-03-01,22.167245585982634,26.083991410252402,0.01687113034264047
1964-04-01,22.422192169737176,26.37088840344755,0.01663590814192991
1964-05-01,22.57433076956383,26.536112909394074,0.016257628241597932
1964-06-01,22.30028803608279,26.201151795356186,0.017429662017281425
1964-07-01,22.984351845738402,26.98971515333151,0.01622176896682615
1964-08-01,22.650407292938798,26.584322276294216,0.016536508374959617
1964-09-01,22.892221984231682,26.85404461770387,0.016674819662362984
1964-10-01,23.21215468067534,27.214540709714267,0.016172738247145636
1964-11-01,23.22501979309582,27.21460956506034,0.01687476698418114
1964-12-01,22.75298477278726,26.648307034113813,0.017847660253903178
1965-01-01,23.26933508192247,27.237870222779122,0.01677239648234751
1965-02-01,23.372068272751335,27.342132127815113,0.016383497482970688
1965-03-01,23.253528200034843,27.18722388206144,0.01692668474440273
1965-04-01,23.420551954771298,27.365269983870885,0.01704414200634574
1965-05-01,23.708808308861947,27.68322330441356,0.016425016894026374
1965-06-01,22.385342986457793,26.122738377042275,0.019564194009378984
1965-07-01,22.300781712174427,26.008689840144708,0.01945347062065001
1965-08-01,22.665971845964396,26.417386639884455,0.01823099265869576
1965-09-01,23.374146831648634,27.22229294175346,0.016115746985655786
1965-10-01,23.775745523312693,27.667414224243984,0.015114242163623913
1965-11-01,23.92546115667373,27.818071369298664,0.013851050159745616
1965-12-01,23.694111549106328,27.525611912109813,0.013258172151926241
1966-01-01,24.058483388421756,27.923438274605253,0.012718973089049998
1966-02-01,23.70002714557941,27.48299440346085,0.011785616374618856
1966-03-01,22.611112582289998,26.200300759745183,0.013735257908352581
1966-04-01,23.113696462615835,26.76040894831138,0.014226847363845697
1966-05-01,21.8521779767631,25.28360161027214,0.01604664683538902
1966-06-01,21.555253383226262,24.92548857087241,0.015940466672773553
1966-07-01,21.381702007433425,24.711793345102826,0.013785189143865215
1966-08-01,19.913903864009814,23.008866665632205,0.01622887312490654
1966-09-01,19.16167625061501,22.136998500688094,0.018227981090812216
1966-10-01,18.825409371315683,21.746931566579892,0.02111004342448102
1966-11-01,19.71125121192897,22.765719180291455,0.017222795263778005
1966-12-01,19.73647375279198,22.790219081135177,0.019988484803566027
1967-01-01,20.43224212538429,23.58698583926794,0.02086312730598642
1967-02-01,21.07444316367845,24.32001954482434,0.018503704565098963
1967-03-01,21.44389860201911,24.73734558307088,0.018528321766579786
1967-04-01,21.686025566746252,25.00729480294655,0.017450185317673478
1967-05-01,21.94847738965841,25.30012903429268,0.014241698664414548
1967-06-01,21.552097609793496,24.835207934713104,0.013322936774481042
1967-07-01,21.804196245666372,25.11740069497413,0.010970175118491604
1967-08-01,22.030627049126032,25.369524753969305,0.009602792002189692
1967-09-01,22.219145488664797,25.577428710702154,0.009320847323886917
1967-10-01,22.068199194183894,25.395023055830528,0.008131057033560166
1967-11-01,21.263102968336288,24.462965360562414,0.007089377826197556
1967-12-01,21.75159780872364,25.01828401620646,0.006833840588637896
1968-01-01,21.511535896332187,24.736682989926933,0.00893135053998808
1968-02-01,20.42499237621423,23.486290074730903,0.011402357531354136
1968-03-01,19.934711308295707,22.92379026063565,0.010394369323284205
1968-04-01,21.27735601567175,24.46580730498767,0.008172456938925585
1968-05-01,21.63022714277988,24.86931374878581,0.005401156083205294
1968-06-01,22.004623431346534,25.296903018034925,0.006703087049696965
1968-07-01,21.75353741567096,25.006714675274825,0.009661176933087288
1968-08-01,21.13776679361786,24.299558060393487,0.012443883796378653
1968-09-01,21.680275633292926,24.922460342186508,0.011150936161089038
1968-10-01,22.004606927956882,25.293645118119247,0.00985058948928795
1968-11-01,22.195529227158154,25.511036361496682,0.008195879324794063
1968-12-01,22.27787299543488,25.603481925014698,0.005369700890587421
1969-01-01,21.194968072847157,24.359671474340782,0.007497662174861017
1969-02-01,20.895729901987245,24.016674426994687,0.007598149574642686
1969-03-01,20.20228761648166,23.221677104407647,0.008993739535940529
1969-04-01,20.428608081932158,23.482621868082436,0.00995709969143721
1969-05-01,20.972258271972102,24.106259591810367,0.007469564387868263
1969-06-01,19.71334158375763,22.66078813926205,0.008223010403273966
1969-07-01,18.681708207192766,21.478815780067112,0.0097308502568546
1969-08-01,18.42951559020774,21.19334928926969,0.01131818197256785
1969-09-01,18.398046344676978,21.161648629370433,0.006637296580913325
1969-10-01,18.44866203181536,21.223912918013706,0.007289815133966017
1969-11-01,18.437760084691043,21.2156814393389,0.007469652335525337
1969-12-01,17.326929913742685,19.945144752472117,0.0063919218866562155
1970-01-01,17.090541395140207,19.68159653887981,0.006411243374265206
1970-02-01,16.372586787159854,18.865300867228164,0.014668881693785968
1970-03-01,16.531690813943612,19.05879573298253,0.016319779332802604
1970-04-01,15.87306781935406,18.311411111344043,0.01608425219653717
1970-05-01,13.983836060789193,16.149570146153575,0.019662032140303612
1970-06-01,13.799691797725178,15.955062559858028,0.021499547604048083
1970-07-01,13.726499744359767,15.888935332500395,0.026214326254140607
1970-08-01,14.100456516815445,16.339508329168655,0.023582231493170874
1970-09-01,14.84266114524222,17.2151255412523,0.02196185272759632
1970-10-01,15.064185404089633,17.486678518763043,0.02140193461165009
1970-11-01,14.950761908791733,17.369848985307847,0.027326345228659815
1970-12-01,15.873840687205744,18.45451554800621,0.028455287421124534
1971-01-01,16.46179394349194,19.149002748259804,0.027705281704982716
1971-02-01,17.03453478150213,19.824574232687663,0.027221175943178057
1971-03-01,17.402902607188878,20.26160315815178,0.030336339371474168
1971-04-01,17.924110447959606,20.875485334712362,0.027622614301182638
1971-05-01,17.564153279699386,20.463891147264633,0.02367861417541159
1971-06-01,17.083166880070703,19.911939063113675,0.024746298795041713
1971-07-01,16.88941470869336,19.69494169015053,0.022881739151916665
1971-08-01,16.51944944305157,19.273018870882765,0.02630516570842712
1971-09-01,16.856792547836,19.674910494388275,0.029149353637379943
1971-10-01,16.428862709159475,19.184397344751762,0.03304704610417138
1971-11-01,15.638712654326646,18.271922182649202,0.037322442309907056
1971-12-01,16.60355721292533,19.405829401067095,0.03290990169479016
1972-01-01,17.262996797035175,20.180821727051935,0.030409213945432362
1972-02-01,17.464147605486172,20.418898605460942,0.028599563798766714
1972-03-01,17.805643849614942,20.81971524042975,0.027851006076088453
1972-04-01,17.915161678498293,20.948428276212155,0.026214335260434152
1972-05-01,17.66264620037255,20.654075196229332,0.027860827719040658
1972-06-01,17.64085731574025,20.629105958815593,0.02837869672445418
1972-07-01,17.398690031138166,20.34661116729319,0.029320452728723537
1972-08-01,17.943404688029794,20.982640900740666,0.026821906525101413
1972-09-01,17.613854552912102,20.596901878448623,0.02436989751616079
1972-10-01,17.533183854158548,20.502387938457552,0.025820850137224793
1972-11-01,18.338894714968045,21.441895093127506,0.02555914371473566
1972-12-01,18.645719442073673,21.796816349100652,0.024105412407063542
1973-01-01,18.712530467302425,21.870338532710914,0.02315698089417311
1973-02-01,17.889889599193744,20.90588267898695,0.024540442446005332
1973-03-01,17.41214205829032,20.345254441323732,0.02599500987351195
1973-04-01,16.93574006605082,19.78732552295847,0.02872587050572297
1973-05-01,16.314338759668566,19.061145729006878,0.029885823859598988
1973-06-01,15.808323047681974,18.47060167810373,0.03171476630981053
1973-07-01,15.88951857398878,18.565516582822468,0.028987491947744817
1973-08-01,15.278501094706119,17.852222658614043,0.030662641868366577
1973-09-01,15.475308601805558,18.082083727935444,0.03316045613107642
1973-10-01,15.913516308933378,18.592078071081122,0.034958996134951834
1973-11-01,14.651845159710565,17.119742977139488,0.041652328760251156
1973-12-01,13.493329686205884,15.771102210645227,0.04775292805378349
1974-01-01,13.530721892513945,15.81914151846465,0.04594596555731906
1974-02-01,12.957321280205383,15.154292146338731,0.05085036792270417
1974-03-01,13.310364239140156,15.571122142264322,0.04762201639786086
1974-04-01,12.550411048540902,14.688309996556306,0.049607504754646925
1974-05-01,11.995436947329658,14.045930080444709,0.05389286865137605
1974-06-01,11.888498820078995,13.927722593419734,0.05556245361921312
1974-07-01,10.394141805327047,12.188506545695999,0.06546966047561878
1974-08-01,9.824195723141194,11.532942434954498,0.07035410055748782
1974-09-01,8.68042130564633,10.206222645077476,0.08468021082031663
1974-10-01,8.74498383380958,10.297190694389563,0.08626254316371858
1974-11-01,8.948984512755601,10.551515010335239,0.08633796362510363
1974-12-01,8.289060055923079,9.789483231199634,0.09854815767561237
1975-01-01,8.920995508404246,10.549889518230229,0.08970710376206055
1975-02-01,9.762246716166464,11.55604873354247,0.08195279568678362
1975-03-01,10.163796767444031,12.041659481362919,0.07456923635728163
1975-04-01,10.233076136605913,12.133964603730439,0.0689661421114677
1975-05-01,10.818139119335804,12.836132514309533,0.0659771095385016
1975-06-01,11.011354609247661,13.073236851521399,0.06647544885536491
1975-07-01,10.902767048238573,12.952412030935104,0.0665541753783771
1975-08-01,10.089769593328015,11.99733885477696,0.07073919893749696
1975-09-01,9.918905356559419,11.805187590081808,0.07272825998014897
1975-10-01,10.327599777501112,12.300949653188109,0.07188366226841957
1975-11-01,10.435859457947895,12.438145517109923,0.07254640613399573
1975-12-01,10.250368416256837,12.2253271518847,0.07482911727993852
1976-01-01,11.185051362622147,13.344852948567931,0.06946703647215666
1976-02-01,11.58609299444969,13.825819214816374,0.06558911531161628
1976-03-01,11.63175440356651,13.881952375762502,0.06570974195020655
1976-04-01,11.689164132206368,13.95129800301186,0.06670850773515283
1976-05-01,11.532053585609425,13.764637153557775,0.06522509142016973
1976-06-01,11.543841631417104,13.779039853350048,0.06576969549581907
1976-07-01,11.75749048868991,14.033225918703826,0.06472684483001667
1976-08-01,11.597986002509248,13.842562825921192,0.06640188451102244
1976-09-01,11.805990949539789,14.089874827138578,0.06705079919510815
1976-10-01,11.345696136316693,13.541591689930161,0.07219165911208197
1976-11-01,11.248855860507959,13.427973102245373,0.07433305353541315
1976-12-01,11.597589726582934,13.845167133360267,0.07622431423336466
1977-01-01,11.437961346787548,13.65610062671409,0.07457212881987173
1977-02-01,11.014841854222771,13.154123053942904,0.07721197981701315
1977-03-01,10.895746511662736,13.015883122750976,0.07789782266979083
1977-04-01,10.636037409141357,12.710931427883907,0.0816057098868885
1977-05-01,10.548486693556994,12.612312925720735,0.08169525484681464
1977-06-01,10.530023959090755,12.596542842152312,0.08404411175243043
1977-07-01,10.5676924477754,12.647994539435677,0.08341074274420111
1977-08-01,10.26838566671099,12.297488474266268,0.08549913740550612
1977-09-01,10.067742820070697,12.065823759131634,0.08806992975670315
1977-10-01,9.766666299556542,11.715003066672743,0.0893616506552815
1977-11-01,9.766299983660193,11.724729783734974,0.08896682840305307
1977-12-01,9.678266582535914,11.629817356636808,0.08882704743246751
1978-01-01,9.241462260934684,11.117327063419971,0.09106792359776861
1978-02-01,9.045263570704734,10.894504079092558,0.09308179269215715
1978-03-01,8.95042007763389,10.793768769045762,0.09468462655343847
1978-04-01,9.26258872086684,11.182400797006668,0.090345091115403
1978-05-01,9.634910728598443,11.64221593720985,0.0848588377750583
1978-06-01,9.549678981041732,11.549477957050753,0.08521906255430688
1978-07-01,9.425524047787354,11.409884648364544,0.08499996751231316
1978-08-01,10.023970854003744,12.14238973125799,0.08114647573711718
1978-09-01,9.941887473004405,12.051024072050549,0.0823704040386537
1978-10-01,9.533608358208827,11.565326820474883,0.08482982227045283
1978-11-01,8.928418902293146,10.842331646474511,0.09041370978257524
1978-12-01,9.011941819133828,10.953907642577777,0.0875484924436704
1979-01-01,9.25763691913997,11.261020341262238,0.08434488113791978
1979-02-01,9.00374037104563,10.961002211569237,0.08803605660113664
1979-03-01,9.070785029660762,11.050596484076522,0.08720038013463213
1979-04-01,9.133063566217412,11.133601762772875,0.08647595026293252
1979-05-01,8.794383289814956,10.728950511599079,0.09105296552439981
1979-06-01,8.853937764693951,10.809180598290336,0.09429245649469734
1979-07-01,8.827498045542363,10.784338517075035,0.09482550142401514
1979-08-01,9.12716579721503,11.156331375849184,0.09074647769688397
1979-09-01,9.112758990740957,11.14441210509189,0.08878609127487593
1979-10-01,8.68184330689931,10.624838288277681,0.08481528736369671
1979-11-01,8.518784302983558,10.433469269423096,0.08394033968829678
1979-12-01,8.74520440466929,10.717928631289347,0.0840555503791804
1980-01-01,8.850934180729109,10.854081878724758,0.07983469845349189
1980-02-01,9.054476092192516,11.109252312727026,0.06213716522876529
1980-03-01,8.081150900785499,9.9248356973565,0.07309897274157995
1980-04-01,7.8440245047192185,9.644448048297319,0.09000066928921112
1980-05-01,8.104225807176496,9.974412483708676,0.09958705186387128
1980-06-01,8.512077962306739,10.48490462577389,0.09829741883754907
1980-07-01,8.880865527295843,10.94693073431367,0.08816451154968644
1980-08-01,9.07100598161838,11.188545257817426,0.07808383787866598
1980-09-01,9.19604013174324,11.349812726304927,0.07283595962550314
1980-10-01,9.35784104675711,11.556163110889688,0.0690295926857678
1980-11-01,9.654043663233388,11.927567744896834,0.05679183757499566
1980-12-01,9.38990208492174,11.608006971345489,0.05856753108409249
1981-01-01,9.259404530877951,11.454209284131178,0.0636416662177889
1981-02-01,8.829899353831307,10.932069150005734,0.06353679324489458
1981-03-01,9.081096883854624,11.251403769600723,0.061569473498460286
1981-04-01,9.085561230788743,11.26531109646201,0.056376661531375466
1981-05-01,8.818483466548068,10.943243788709786,0.05581888284693014
1981-06-01,8.765340744304929,10.886260091011923,0.06296378958832874
1981-07-01,8.445319467875512,10.498717805693902,0.06011015664206901
1981-08-01,8.399806316566439,10.452105800480155,0.054711363406107716
1981-09-01,7.5811630519231565,9.446392731834699,0.06482029013725307
1981-10-01,7.64914171331921,9.543753400017167,0.06531497355094407
1981-11-01,7.8107525657161085,9.757177879149882,0.08055833329807849
1981-12-01,7.832562137141896,9.795899961575468,0.07671917675410608
1982-01-01,7.388659973375995,9.253826807056985,0.07603574951320222
1982-02-01,7.181823450546733,9.008823810691183,0.08135128973041264
1982-03-01,6.950673793536032,8.734195921151274,0.09130425630141714
1982-04-01,7.259072625426144,9.135762299511812,0.08528868981483445
1982-05-01,7.192612484464623,9.066293563047873,0.08982571898673
1982-06-01,6.692133988197588,8.451496753639908,0.0945160315266276
1982-07-01,6.638653100208758,8.40029695403871,0.09925864350563968
1982-08-01,6.643422752166089,8.422750758567588,0.1080140872210017
1982-09-01,7.398838200323305,9.393844285012218,0.09980937687561038
1982-10-01,7.999840994534586,10.167766914461476,0.10377276401638616
1982-11-01,8.347476938155426,10.619399669022316,0.10168839765063208
1982-12-01,8.467738401400474,10.782007239538867,0.09938633373179823
1983-01-01,8.756783224134741,11.158544264730375,0.09625529562626897
1983-02-01,8.910493436624117,11.362068266848608,0.0910340188550722
1983-03-01,9.232829705190523,11.77931272112625,0.08820851061293215
1983-04-01,9.531581284160408,12.165031590630463,0.08593763163921263
1983-05-01,9.874456504668395,12.605255648355712,0.08240888324541372
1983-06-01,10.000117903130016,12.76736276954001,0.07602510331623162
1983-07-01,10.014475995571019,12.786896040903436,0.0707717739327203
1983-08-01,9.728056935665204,12.422837481069042,0.06739685291074514
1983-09-01,9.984202458028772,12.749884493756905,0.06705890471981762
1983-10-01,10.00339179944962,12.773539636170563,0.06733469414075642
1983-11-01,9.853581649364276,12.581491199513106,0.06685883741509797
1983-12-01,9.815010903608664,12.531076317323548,0.06525964409105092
1984-01-01,9.89493180920253,12.63075008785032,0.06574306761357715
1984-02-01,9.324529645727976,11.902399335847162,0.06937144418105565
1984-03-01,9.326747066508238,11.904570260565986,0.06339250293545602
1984-04-01,9.305643404594816,11.876543098868652,0.060609713794741546
1984-05-01,9.23183181689604,11.781082542587827,0.052642089353780244
1984-06-01,9.010185512291002,11.497716640781471,0.05323536119826794
1984-07-01,8.868302214043295,11.31624186364971,0.056549760285445505
1984-08-01,9.623063257373163,12.274711609555556,0.053218487566763464
1984-09-01,9.687341313628076,12.351552352066456,0.05375897811906949
1984-10-01,9.595070703048501,12.22938302812124,0.05760107851846763
1984-11-01,9.691973221783083,12.34867935888003,0.06162119253361206
1984-12-01,9.595054801133456,12.222162489146159,0.06253264079268334
1985-01-01,9.997001177730448,12.729627871083474,0.05933315692808748
1985-02-01,10.494935172607075,13.357385583224794,0.05297390767310904
1985-03-01,10.373217214924729,13.197786108739978,0.05058811726454483
1985-04-01,10.397118719816817,13.224090599429946,0.05476309593341075
1985-05-01,10.608120467860095,13.48845524172518,0.05844401151764894
1985-06-01,10.810049845861212,13.74142626924641,0.06307921955481517
1985-07-01,10.99756395679338,13.976419083122844,0.0590079751401289
1985-08-01,10.73879980887728,13.646192185229484,0.061000120961805016
1985-09-01,10.471234661697546,13.306583154373698,0.06268656154794003
1985-10-01,10.552516982943747,13.410439843384857,0.06305898669861097
1985-11-01,11.16461112866747,14.18657146402392,0.061981515915447746
1985-12-01,11.690521474467598,14.851243444332487,0.06305996751515093
1986-01-01,11.715007584487983,14.879155972876084,0.06368185902322783
1986-02-01,12.388219099418123,15.727961947238791,0.06326570656270636
1986-03-01,13.189022981532712,16.73474058295941,0.06688280325039596
1986-04-01,13.552504172869478,17.18391435558792,0.06907103381145846
1986-05-01,13.560046199232335,17.180748515167284,0.06446579679293478
1986-06-01,13.888688626457116,17.582378520821567,0.061842005395504024
1986-07-01,13.619995534083808,17.228549210852698,0.06770006219295127
1986-08-01,13.887667550866055,17.552178737142757,0.06722047828635412
1986-09-01,13.467314312977129,17.007759947928385,0.06678208850013795
1986-10-01,13.425918860857358,16.94244158319696,0.0667536106884136
1986-11-01,13.872985596138601,17.49166618064255,0.06606595685814572
1986-12-01,14.085139814743307,17.743316425436966,0.06610970206910384
1987-01-01,14.922208103718944,18.777962794262134,0.06255222587187366
1987-02-01,15.82231814283645,19.886426559991136,0.05633488935618443
1987-03-01,16.43334397606992,20.627202938129212,0.053742497442263164
1987-04-01,16.196534453220877,20.303841071051377,0.0466094315061828
1987-05-01,16.160311952655736,20.233478963142396,0.04069397570932961
1987-06-01,16.825207307878717,21.0387653392981,0.04002054942434861
1987-07-01,17.30600439051222,21.61145347379118,0.037625517261062225
1987-08-01,18.32690724585634,22.852095511377357,0.03151800196062857
1987-09-01,17.675620449938222,22.007766234206713,0.027138089806860215
1987-10-01,15.530055563627313,19.31338696331538,0.03388539955843836
1987-11-01,13.590885143189082,16.887366309768474,0.049247979245253995
1987-12-01,13.389028514426963,16.62249463399986,0.048714014484914483
1988-01-01,13.898336683569136,17.237464801757394,0.04877025449457399
1988-02-01,14.298270962469523,17.714126170441713,0.05095472216058204
1988-03-01,14.66894681110346,18.152060554951024,0.04720299705962884
1988-04-01,14.433316420838944,17.840595093043465,0.04452705830833657
1988-05-01,14.031891348027772,17.32531798621272,0.04217868506100307
1988-06-01,14.766468647879615,18.208235569514834,0.03963841085063308
1988-07-01,14.6083157175221,17.98876320102843,0.038609675495086246
1988-08-01,14.24494631067565,17.518725933895695,0.038319223452196446
1988-09-01,14.369428776140161,17.648292003694426,0.04042123697308585
1988-10-01,14.811450153277725,18.165517397941187,0.03954542721848531
1988-11-01,14.445530680872888,17.692871543397228,0.03927100223761787
1988-12-01,14.702086748571999,17.98158649201418,0.036268450358792836
1989-01-01,15.088072442713285,18.425435496743233,0.034319933499708785
1989-02-01,15.467060462734752,18.857435717731363,0.031099424417409927
1989-03-01,15.298969108882359,18.622276927610905,0.0294507277065168
1989-04-01,15.686742656144583,19.06141795976552,0.02911932630234805
1989-05-01,16.18635353854455,19.63356921555982,0.029612224452634353
1989-06-01,16.641904235808585,20.149986195019594,0.03280169858994815
1989-07-01,17.01340765049913,20.56206243419798,0.03318332447187322
1989-08-01,17.73425143657732,21.393656539479544,0.02905887737212181
1989-09-01,17.714220678979075,21.332067137506503,0.027524537130818837
1989-10-01,17.640853852797946,21.208128697438624,0.0292200805485349
1989-11-01,17.242369266947424,20.697305291068087,0.031206213805868237
1989-12-01,17.650212904947324,21.154881971751607,0.029230540597029113
1990-01-01,17.048843606878265,20.40615447502476,0.027110461834883505
1990-02-01,16.508093516490284,19.7353532620964,0.025450909551060025
1990-03-01,16.833748233480943,20.101015892206544,0.02206765536917709
1990-04-01,16.81391389873576,20.055719260909896,0.019129445488778186
1990-05-01,17.392413588645,20.723389021046014,0.016665497777807646
1990-06-01,17.817082821653003,21.206758327830475,0.017515428083203034
1990-07-01,17.747171587070238,21.102886533307014,0.01823851879617453
1990-08-01,16.168334756508973,19.21193749484286,0.021142960868162967
1990-09-01,15.301285443522621,18.172367021965115,0.0232430186387496
1990-10-01,14.818147965500795,17.59216474935588,0.026710863834608772
1990-11-01,15.18760759950318,18.02373975409845,0.02774402753676214
1990-12-01,15.846314974728761,18.796495662019165,0.027133502870889878
1991-01-01,15.60619011880236,18.50395071793399,0.027783293808916684
1991-02-01,17.354664745205106,20.563141293016173,0.022807981407616217
1991-03-01,17.81862008339738,21.09807524898139,0.018152543511216618
1991-04-01,18.15534589519802,21.48153187363011,0.017261417915378843
1991-05-01,18.035430911004056,21.325816065887032,0.016819875859940416
1991-06-01,18.01522704468833,21.289084627258884,0.014164945242447345
1991-07-01,18.10345234551975,21.381252264915332,0.013004730493853908
1991-08-01,18.51225845533772,21.8518491225019,0.014998050819334113
1991-09-01,18.357282591774325,21.658412976072636,0.017400877305726398
1991-10-01,18.349187992001983,21.6395450158591,0.018553506314309735
1991-11-01,18.288868169301338,21.560296784423304,0.019802084951974323
1991-12-01,18.441652313512723,21.732934673031153,0.022392289241092468
1992-01-01,19.77306821146264,23.291329926002007,0.019160569763829356
1992-02-01,19.582982970386738,23.058298827241973,0.016596949753805774
1992-03-01,19.28356186129855,22.698465263289908,0.01602331338890102
1992-04-01,19.301229507881043,22.712689513614695,0.016285934688981207
1992-05-01,19.662279795641687,23.130349591325828,0.015402822169063315
1992-06-01,19.3153659676446,22.71680590047164,0.016695001272217132
1992-07-01,19.62074069482441,23.070543662535275,0.01977761135263862
1992-08-01,19.722137498351525,23.18460066395551,0.02209791082609225
1992-09-01,19.70876642474531,23.164274166851868,0.023914247386812436
1992-10-01,19.370271076906977,22.763052023573348,0.023149941896531717
1992-11-01,19.833656038801237,23.303331550784872,0.019501570278503653
1992-12-01,20.44860672124297,24.020186324731124,0.019336711772753888
1993-01-01,20.323410802995717,23.867950224169565,0.021636349599385957
1993-02-01,20.54533679290045,24.12291960904258,0.024762232417321624
1993-03-01,20.85520014869092,24.480250697934412,0.027201413706418542
1993-04-01,20.457362016642193,24.007988301251128,0.027782730536251403
1993-05-01,20.51760563376487,24.0738560300624,0.026453373546910568
1993-06-01,20.608357012960205,24.1757611102397,0.02686917161722035
1993-07-01,20.564596413297146,24.1204242506805,0.02805608428261818
1993-08-01,20.81222754662739,24.4051536387975,0.028753403914616518
1993-09-01,20.993501005229135,24.610598936385472,0.031236860631154585
1993-10-01,21.10917824747513,24.73788934359803,0.03139530553090224
1993-11-01,21.03790118960638,24.64540763843443,0.027521778620273878
1993-12-01,21.16473207981465,24.783708947329497,0.026634499475645626
1994-01-01,21.411974913826548,25.06113600519129,0.025960655912227598
1994-02-01,21.263840187313033,24.875326969291876,0.023932517058300296
1994-03-01,20.833375889460417,24.35994041810892,0.01995467848836486
1994-04-01,20.055250085063857,23.440099239459393,0.016553849274837017
1994-05-01,20.196492421281455,23.59345957973501,0.013874324550450658
1994-06-01,20.290763690670325,23.690087234431957,0.014494740216395269
1994-07-01,20.067951816142156,23.415889076109888,0.012922687944643269
1994-08-01,20.535549404755642,23.945020932611573,0.012408744966443182
1994-09-01,20.576450100818878,23.975369102753437,0.009895185318056422
1994-10-01,20.395759282410264,23.74783103385777,0.00729952779008268
1994-11-01,20.209473020394054,23.51375433645179,0.005689940976984116
1994-12-01,19.91148410809033,23.150110785223816,0.007930468977323087
1995-01-01,20.219119422457304,23.488372636558662,0.00768413220032451
1995-02-01,20.802571764332683,24.144282243906414,0.009319888648623077
1995-03-01,21.15273730203699,24.527320822094758,0.01117661660186179
1995-04-01,21.642739261879655,25.070444808546686,0.011362181625356536
1995-05-01,22.195426698019958,25.684217711127943,0.014329172732935443
1995-06-01,22.718356759520617,26.261521783971116,0.01780690586894338
1995-07-01,23.37641269151213,26.99275935953636,0.015275527417729681
1995-08-01,23.28407025623054,26.857726122313146,0.013424483051002772
1995-09-01,23.94600707529987,27.591422770766506,0.015053027578776017
1995-10-01,23.926762764083275,27.540347277091733,0.016642280544388335
1995-11-01,24.34758688111482,27.99665126062921,0.01666726834567142
1995-12-01,25.027380664939113,28.74999790154535,0.01739989463142528
1996-01-01,24.762465194644033,28.419947350837216,0.018748642274762382
1996-02-01,25.976065550593397,29.784395328216394,0.015880340213838676
1996-03-01,25.629930395216114,29.360970049382317,0.012808924489647412
1996-04-01,25.424203848381534,29.100029225042817,0.011314165557100103
1996-05-01,25.814043827699027,29.51994682234312,0.00833294750394322
1996-06-01,25.96667355833385,29.668053217608318,0.005901787420619434
1996-07-01,24.8584113323484,28.379278236095747,0.008216982433031629
1996-08-01,25.41252912145496,28.988000554261887,0.009648545943907363
1996-09-01,25.68011551287677,29.268886878274596,0.007196087253397369
1996-10-01,26.483467720897213,30.158081995656246,0.00924878619917692
1996-11-01,27.585612049012802,31.383404541507364,0.01114251239114429
1996-12-01,27.723946163893967,31.51068125837188,0.009867757351768862
1997-01-01,28.33287012995038,32.17058865852241,0.00596422455390426
1997-02-01,29.265634883575963,33.19464551397604,0.0063923569015587045
1997-03-01,28.802458591871666,32.63548559038066,0.004037985849536886
1997-04-01,27.58516033813655,31.22585148750581,0.003146492909421754
1997-05-01,29.928362224688787,33.84245351213989,0.0016766740896874202
1997-06-01,31.256560616381275,35.30591085554618,0.002220591564326878
1997-07-01,32.766637689669935,36.97038981277748,0.003301992473765728
1997-08-01,32.58628348671318,36.726043656284546,0.0023199860163869747
1997-09-01,32.66658134170863,36.77540659801318,0.002860421720956026
1997-10-01,32.90149817979812,36.998076390873614,0.004428715221784483
1997-11-01,32.33660053281268,36.32301787273602,0.006305989145573475
1997-12-01,33.03078904290543,37.06129219491149,0.00622791943366665
1998-01-01,32.859968415052236,36.828633533555895,0.009008978503259327
1998-02-01,34.709677782269985,38.85604408060425,0.007011243337318767
1998-03-01,36.29692773642509,40.58325901178051,0.004698121735641533
1998-04-01,37.27693404302877,41.62739772814115,0.0037338961830540723
1998-05-01,36.95659851896901,41.21821932396524,0.003704659796564813
1998-06-01,36.802293460092024,40.99434126198051,0.005006299559090394
1998-07-01,38.25964508524856,42.561024955704255,0.004061260065924086
1998-08-01,35.42340102487833,39.357953737660566,0.007045741988492234
1998-09-01,33.53235698083489,37.214834941350475,0.01337257280766781
1998-10-01,33.77310287904813,37.440000309890856,0.015868041795129767
1998-11-01,37.36939188392094,41.37557700054438,0.009932767869394954
1998-12-01,38.82027478009815,42.92733987493314,0.010498406616905268
1999-01-01,40.576957677208114,44.81105344963525,0.008422395904421738
1999-02-01,40.40015922925994,44.55773453537834,0.005430915654810312
1999-03-01,41.35610363271299,45.55155503201501,0.0022799872986621547
1999-04-01,42.704509516892145,46.97258125988065,0.00209134319912848
1999-05-01,42.55667670951803,46.74667480085208,-0.002011459255785702
1999-06-01,42.18067591174691,46.27143255321168,-0.0056512336740967666
1999-07-01,43.828035992805404,48.011997893801656,-0.0053816357714892744
1999-08-01,41.93071215994044,45.87345518959439,-0.005767841559380458
1999-09-01,41.32345133471501,45.15183924706528,-0.005055583707553268
1999-10-01,40.55285439953987,44.256041105624874,-0.006805021431552202
1999-11-01,43.2082907146139,47.09409758839692,-0.007704917120284458
1999-12-01,44.19793976104055,48.110968682995185,-0.010886526695300769
2000-01-01,43.77257814693799,47.58768727292153,-0.015216742165251377
2000-02-01,42.185635887917314,45.80769532187175,-0.012833071579527882
2000-03-01,43.22074843996586,46.87600933588813,-0.0105171108445779
2000-04-01,43.52857428850773,47.155406855244685,-0.008080416559942297
2000-05-01,41.9660505033243,45.41303810500988,-0.011844161384851958
2000-06-01,42.78197156707145,46.245587485836104,-0.008916024776085097
2000-07-01,42.758093618269584,46.17072813184033,-0.008559758370781045
2000-08-01,42.86956549441949,46.2421135236469,-0.007362332577598853
2000-09-01,41.89800792488473,45.14750150162295,-0.006842921298466569
2000-10-01,39.36969904420136,42.38264022988998,-0.005150249632164667
2000-11-01,38.782142456784776,41.713360280388,-0.0047369133566432
2000-12-01,37.2742380044972,40.05987947359603,0.0010472183525711345
2001-01-01,36.97886799702982,39.71280978944712,0.002096483874217167
2001-02-01,35.83466265143128,38.458570743648046,0.0038171588679033024
2001-03-01,32.32583723617875,34.675224630315924,0.009027368740900047
2001-04-01,32.17390116836069,34.49609962461753,0.006928642538125029
2001-05-01,34.074643217140036,36.517428561211965,0.0028549355130883386
2001-06-01,33.06853441111278,35.42685932267451,0.004718515853947527
2001-07-01,32.16303868744436,34.44859395765036,0.00553004555175721
2001-08-01,31.404318760780146,33.63139016318308,0.008680128312688447
2001-09-01,27.6673925868625,29.63191012429959,0.015392721950809533
2001-10-01,28.5773731133601,30.610210495719638,0.015346369150707029
2001-11-01,30.005103811056824,32.14309653485236,0.012409781134990854
2001-12-01,30.499953255020465,32.67796267493011,0.006989283639199609
2002-01-01,30.277204433096,32.445677897691276,0.007813726902738842
2002-02-01,29.085704152008432,31.17638563797469,0.010500638782444588
2002-03-01,30.292130640918685,32.47580925284799,0.005489876941598623
2002-04-01,29.005883253118693,31.104690399704143,0.008078580810792706
2002-05-01,28.128107508688338,30.171984137541518,0.009507505473918265
2002-06-01,26.387672541183356,28.315227417431345,0.013843029904263143
2002-07-01,23.46312046743144,25.189619576345265,0.021261397043573507
2002-08-01,23.58871352884238,25.335997073986565,0.02498399264549684
2002-09-01,22.36503680122434,24.033754017347928,0.031082925210663748
2002-10-01,21.956233863659083,23.606572751994392,0.03102312009033909
2002-11-01,23.348396502725137,25.114358041300335,0.027063021565630258
2002-12-01,23.101442537685635,24.86043250426616,0.027566733863023954
2003-01-01,22.898348576613223,24.653867027835666,0.027698583136729474
2003-02-01,21.214102123415294,22.85382611436559,0.0330936265794521
2003-03-01,21.309719026990997,22.969623651201292,0.034038561227224644
2003-04-01,22.42793957773091,24.18616630244642,0.029690936600992902
2003-05-01,23.591080453481485,25.450023010176373,0.031083031209145136
2003-06-01,24.832223259531062,26.796570516909892,0.03133399463980629
2003-07-01,24.867329101268787,26.841910907521108,0.02488861521116162
2003-08-01,24.642251409932168,26.606108883763646,0.020661744197436167
2003-09-01,25.24368675260626,27.26141054955715,0.021615329750958152
2003-10-01,25.68275607057969,27.740905417972655,0.02020466753441657
2003-11-01,25.946798218420124,28.030020810958028,0.019361050279535413
2003-12-01,26.635170511081537,28.775402120617308,0.01855395598795155
2004-01-01,27.658540355736577,29.879678114425012,0.018583060527543396
2004-02-01,27.650862036740218,29.869912101543267,0.019494926722588686
2004-03-01,26.886530384035858,29.043714557354317,0.02333251982148752
2004-04-01,26.900577508444886,29.058291817756988,0.018301491150888118
2004-05-01,25.902814292943756,27.980644843237375,0.01656182715116778
2004-06-01,26.401285366474905,28.517933395288217,0.015710763876718457
2004-07-01,25.695888646268557,27.755514536330804,0.018611708650646742
2004-08-01,25.174462226477775,27.192500070259698,0.021258461039960007
2004-09-01,25.668406776357696,27.725340561354177,0.021935435271590698
2004-10-01,25.411655665489327,27.4473022252428,0.023098591273938776
2004-11-01,26.46531081481804,28.582705258099526,0.020548552436493527
2004-12-01,27.144808694741226,29.312639184857197,0.018826546160026034
2005-01-01,26.587250697970372,28.707356524065638,0.01950447851084846
2005-02-01,26.744863128101183,28.874110081209515,0.01996385657866087
2005-03-01,26.339142131057933,28.43334654993354,0.017699015247125006
2005-04-01,25.40892256911447,27.427971644284654,0.021038014357879525
2005-05-01,25.650230187182974,27.68699539199914,0.02236015266666562
2005-06-01,26.068394871883996,28.13606784076828,0.022985694371145324
2005-07-01,26.287871091254754,28.369905062639294,0.021338558472624537
2005-08-01,26.104381410936156,28.168980742317455,0.02106072988460469
2005-09-01,25.73012299016448,27.762463408465603,0.023262867961467378
2005-10-01,24.87653872364797,26.840542701863495,0.02186831258412464
2005-11-01,25.93178330906903,27.977205472367253,0.018671943606583932
2005-12-01,26.443803114292415,28.527159043907695,0.018276088055812573
2006-01-01,26.46870262668573,28.551311891344522,0.018919623016402383
2006-02-01,26.249624763583302,28.312953220671492,0.017610058371500766
2006-03-01,26.327837778667693,28.395073733976684,0.016034756518481297
2006-04-01,26.14728094387453,28.198403856607413,0.014071468701830236
2006-05-01,25.650640708757354,27.661895284857238,0.013923101060018095
2006-06-01,24.749582241646387,26.690943997751614,0.015479427109228158
2006-07-01,24.696786766853318,26.634874022227006,0.015872540365558498
2006-08-01,25.051393562010976,27.01741890997334,0.017404992388477397
2006-09-01,25.644156440797403,27.655917575274103,0.017252358568579672
2006-10-01,26.538040282101736,28.61766020200834,0.014957394479780714
2006-11-01,26.928020270856504,29.03499548856698,0.015365317992929853
2006-12-01,27.2826897875717,29.413282471660697,0.015434945553057945
2007-01-01,27.20753665680715,29.327838512792766,0.013525971882152786
2007-02-01,27.31518141351663,29.439186629440375,0.014006346214000445
2007-03-01,26.227605554650918,28.264070221688133,0.01779692902072754
2007-04-01,26.9762683141891,29.066642443029906,0.01597472166937359
2007-05-01,27.54849045185128,29.678159305539197,0.015293949247564102
2007-06-01,27.418262740410622,29.533318152944698,0.01203695087155783
2007-07-01,27.41008816720434,29.520310708990664,0.012893722157572611
2007-08-01,26.148607189312333,28.16088433900695,0.017573749248513786
2007-09-01,26.725743047696927,28.781596977212068,0.018275363450433894
2007-10-01,27.320648130462033,29.421547626363036,0.01732557871025582
2007-11-01,25.729053579498387,27.71103914337951,0.024061140157559037
2007-12-01,25.95551010524024,27.95998154576385,0.024280362312110372
2008-01-01,24.02231776083683,25.886705943137226,0.03129920745408553
2008-02-01,23.495263401811787,25.329469431905377,0.03234037497808536
2008-03-01,22.60681084224934,24.384051798830356,0.03700968168657173
2008-04-01,23.35604064320161,25.20409244125223,0.034322355344470305
2008-05-01,23.69643211662318,25.583647878051817,0.03238017878106301
2008-06-01,22.41681280228194,24.216735515654374,0.03349488625530591
2008-07-01,20.907206462661584,22.603177385642258,0.03802908246354677
2008-08-01,21.401617360047933,23.15512660775927,0.037586008022024386
2008-09-01,20.362733946097517,22.050373871028633,0.04170144061402539
2008-10-01,16.387356548789832,17.770107910955776,0.051118977736672816
2008-11-01,15.259659405704582,16.575738507639613,0.05644210976560478
2008-12-01,15.37608074742377,16.732842670212044,0.06604212911453507
2009-01-01,15.174651936879668,16.545978292697008,0.06610078491430063
2009-02-01,14.122181801918897,15.431495098996713,0.0678959919812928
2009-03-01,13.32366765686393,14.592703772466324,0.07257764095499661
2009-04-01,14.981866453039247,16.44121997239844,0.06268316394846539
2009-05-01,15.996355755263153,17.585230774696505,0.055145826881175114
2009-06-01,16.384182816215343,18.040717081299732,0.05024359736146321
2009-07-01,16.694620816995613,18.410569541960605,0.050237564816960865
2009-08-01,18.094069801576076,19.9792497813774,0.0452887213360823
2009-09-01,18.831902264840075,20.81718057648999,0.04459761953591004
2009-10-01,19.35800844348684,21.420018718305105,0.04317009778018654
2009-11-01,19.812761079966048,21.938367056892982,0.04189601470940188
2009-12-01,20.32237650021654,22.511278992034388,0.03854959650499102
2010-01-01,20.52785980145442,22.741430277197466,0.03670267875025126
2010-02-01,19.920539306600446,22.070377804640184,0.038007944073646056
2010-03-01,21.00460120971536,23.269199472972986,0.03459570815052709
2010-04-01,21.804845599625157,24.150482266532865,0.031766404576117534
2010-05-01,20.480068638423408,22.67962801458346,0.038992847915187666
2010-06-01,19.742039853739456,21.85941808647981,0.04238219488690162
2010-07-01,19.668660470717708,21.774656015068253,0.04425554769011074
2010-08-01,19.770299174358573,21.882717641224737,0.04723539354586325
2010-09-01,20.381395233204035,22.552614727121703,0.04574669553427986
2010-10-01,21.240127651759416,23.493816810047196,0.04481380288733909
2010-11-01,21.700723827760612,23.99318584990352,0.04159876370556093
2010-12-01,22.39637977304421,24.75055377797064,0.03510190044826377
2011-01-01,22.97829943055498,25.380551443716666,0.0328125394488806
2011-02-01,23.489828703298524,25.93189152357248,0.0300599455536531
2011-03-01,22.89933643014364,25.26799003610588,0.03361841514661042
2011-04-01,23.143929447285945,25.52606103356168,0.032908223969483306
2011-05-01,23.059491506095338,25.422751410495934,0.03598498252271458
2011-06-01,22.100831286610994,24.359226657703832,0.03928355398486964
2011-07-01,22.610981701156625,24.915089078411967,0.03864150412461091
2011-08-01,20.049852721660493,22.092618712120796,0.05157302652726256
2011-09-01,19.698114568877713,21.706400031075084,0.05535835455144061
2011-10-01,20.15582478668875,22.21266816349395,0.05263931624005204
2011-11-01,20.34524679764582,22.42388876999821,0.0536640488217246
2011-12-01,20.52357549943169,22.623608815264834,0.053689049554547084
2012-01-01,21.21300809180345,23.38604601373145,0.05242371612296644
2012-02-01,21.797435963717525,24.03193226064424,0.0512057600956493
2012-03-01,22.0539439729047,24.31594200548783,0.048872819302674717
2012-04-01,21.77924690682488,24.015130965765525,0.05038222012284448
2012-05-01,20.94146741974347,23.095237989596896,0.05459875443949012
2012-06-01,20.547504086856076,22.665536337915775,0.05710696444269779
2012-07-01,20.999341293380557,23.16828960367119,0.056678853537402
2012-08-01,21.41042845344293,23.625464836831153,0.0544923442645206
2012-09-01,21.783690301727674,24.040589108752933,0.0535782901870353
2012-10-01,21.57710965452878,23.816813659366257,0.05350822237287469
2012-11-01,20.898162059573693,23.07393534239163,0.05552737765751056
2012-12-01,21.238261139845605,23.45631386718964,0.05401113797173481
2013-01-01,21.900475413821795,24.193771416596874,0.05053793823643516
2013-02-01,22.05272433686193,24.367396962422976,0.04957197496696169
2013-03-01,22.41920711460256,24.777200805369695,0.04868479759534905
2013-04-01,22.595655396105574,24.97693209887044,0.05045254718824477
2013-05-01,23.411841781842394,25.8819105047125,0.047559095488884824
2013-06-01,22.925333173915313,25.34721166935166,0.04489945265677719
2013-07-01,23.492460177159625,25.976012306614184,0.04097532873190435
2013-08-01,23.356649094916083,25.82739725094418,0.039356890135809085
2013-09-01,23.442287167960593,25.92310707612144,0.038287251690726415
2013-10-01,23.834737887631423,26.356918954589585,0.03933151323085558
2013-11-01,24.64207709241204,27.24631600813289,0.03702468601214942
2013-12-01,24.861869296461922,27.483753598662712,0.0349681733050411
2014-01-01,24.8596090936327,27.47410260934932,0.03525327578846773
2014-02-01,24.590930877894117,27.170675136889425,0.037019397023219075
2014-03-01,24.95603915396537,27.566812365082868,0.036323988184061094
2014-04-01,24.786315396962618,27.372610571113682,0.03670806594536492
2014-05-01,24.943274109902564,27.53863238689577,0.03771396234459974
2014-06-01,25.558007623511273,28.20860107272216,0.0362158968013169
2014-07-01,25.817545976158716,28.48563623713938,0.0365445676216866
2014-08-01,25.617606421799376,28.25605553351514,0.03782181591426473
2014-09-01,25.91843689260618,28.57815587885415,0.036129997383744936
2014-10-01,25.162748283083236,27.736945618288246,0.03879451714968596
2014-11-01,26.606817147143403,29.31865452338146,0.03573089391385892
2014-12-01,26.794085482572537,29.51533288223139,0.03646245242106455
2015-01-01,26.49229542038311,29.174671165351548,0.03949169066533736
2015-02-01,26.995513699383228,29.71991669561929,0.03764335535539712
2015-03-01,26.728605452928466,29.41836917180768,0.0372238803167478
2015-04-01,26.79137168019231,29.48037384619878,0.03765970126494357
2015-05-01,26.80611137965081,29.48989618635328,0.03566268687821997
2015-06-01,26.495895292784834,29.142936079173275,0.03480382083528462
2015-07-01,26.38113633639968,29.011703864238935,0.03490375080858253
2015-08-01,25.693658417057687,28.252525181771933,0.03675283783365525
2015-09-01,24.49675217048642,26.936105268538274,0.037258269041931816
2015-10-01,25.491441046066736,28.028090261451563,0.03641497018174113
2015-11-01,26.225851890971917,28.832783137035243,0.034022422553502685
2015-12-01,25.965424037124166,28.544376783609184,0.03466942119815272
2016-01-01,24.206167203878465,26.611684960823304,0.03836347605895479
2016-02-01,24.002606777289753,26.389562040454305,0.04169246065319604
2016-03-01,25.372298620187898,27.89395132228894,0.03821881117553892
2016-04-01,25.92233754367387,28.49583831979485,0.03780169583592091
2016-05-01,25.69470992344996,28.24329283796466,0.03805057974861077
2016-06-01,25.840372927670497,28.40074288458179,0.03966401577475909
2016-07-01,26.694003256096288,29.334649115975484,0.03936142741185236
2016-08-01,26.948872433723857,29.609327744137776,0.038300806050264376
2016-09-01,26.72787334647853,29.360965010602925,0.03865194250332503
2016-10-01,26.525143085070585,29.132461051587654,0.03831805394839781
2016-11-01,26.850953531056255,29.482997451792812,0.034053579702832945
2016-12-01,27.865098223923518,30.586141859448876,0.02907998946369796
2017-01-01,28.063573742124454,30.792138471115788,0.02970751383138065
2017-02-01,28.65510652518412,31.427485362109685,0.028848426114245415
2017-03-01,29.086921742464636,31.88602629500567,0.026890511033075336
2017-04-01,28.904245956275147,31.670821333081495,0.02855037084822961
2017-05-01,29.313344980271427,32.10312156891899,0.027535015841958353
2017-06-01,29.748503240632747,32.56258379440216,0.028031372275517278
2017-07-01,30.002220744018555,32.822440838488504,0.02640281656600616
2017-08-01,29.914959397497476,32.71012686224204,0.028090568896086656
2017-09-01,30.168114410678893,32.97028077070135,0.028167211336622044
2017-10-01,30.920393290333823,33.77535045295932,0.025479157179329293
2017-11-01,31.298913333880268,34.17293597222711,0.02458856585558608
2017-12-01,32.086132007705984,35.01714110660578,0.023313129772496822
2018-01-01,33.30734382803066,36.33394041169585,0.0204186633335549
2018-02-01,32.03538233925028,34.934084784156305,0.01897583759665545
2018-03-01,31.808409057643114,34.67572864730248,0.018751132383798632
2018-04-01,30.970179293325227,33.75372125069347,0.019090860063881384
2018-05-01,31.243615074864607,34.044187061418896,0.01731826625532529
2018-06-01,31.6305564964546,34.45891963367428,0.016730979295013715
2018-07-01,31.886366962158984,34.731777571325324,0.016153150850947935
2018-08-01,32.390276880301116,35.27462940829561,0.016127083652587602
2018-09-01,32.62289112050019,35.52201851224138,0.015065111583944912
2018-10-01,31.0379610780065,33.79374384993608,0.016340087128316708
2018-11-01,30.195583406705246,32.88033394703198,0.019163540746558332
2018-12-01,28.29185701207287,30.818335095022302,0.02502437555396488
2019-01-01,28.38016446354758,30.929105694293316,0.025866221302712586
2019-02-01,29.54154896513121,32.20864001068949,0.024705412201290366
2019-03-01,29.57619601478482,32.26103863164944,0.026091124483199852
2019-04-01,30.133517171387513,32.88369036371971,0.026149618052130185
2019-05-01,29.242030936939855,31.926648340129933,0.02838413893332275
2019-06-01,29.283796275306265,31.98794203459622,0.03088511938995417
2019-07-01,29.986685335042527,32.77038815460618,0.034716014055352365
2019-08-01,28.705397371833076,31.386112854170044,0.03597141238067919
2019-09-01,29.229520233035274,31.974134120476865,0.03466280741681186
2019-10-01,28.841122881953403,31.564281230570653,0.03515794146479674
2019-11-01,29.83686765908343,32.66332284258198,0.03287424163086297
2019-12-01,30.331822322243294,33.209287577306554,0.03191408326495829
2020-01-01,30.985220300230704,33.92315839928781,0.032265730188327416
2020-02-01,30.729689264735754,33.64365273159245,0.03538727551649873
2020-03-01,24.81716862909942,27.181633677916494,0.0488014708947206
2020-04-01,25.92735882528017,28.407962507549204,0.048317436544444876
2020-05-01,27.32848099769846,29.95177329626354,0.04616322986985427
2020-06-01,28.838315955122845,31.61328450332735,0.044301523235910654
2020-07-01,29.599194927667003,32.45334133725327,0.04500188596956496
2020-08-01,31.158208965355232,34.16566519998973,0.043191404179545534
2020-09-01,30.839426043811258,33.81900485029861,0.04330560842791705
2020-10-01,31.283694032592855,34.30790857534531,0.04166069749022169
2020-11-01,32.47320409661257,35.612031301968486,0.03958483715040775
2020-12-01,33.765591418117104,37.02659640060421,0.03772721745925203
2021-01-01,34.512432294106915,37.84118046785661,0.03553473761967501
2021-02-01,35.10390717196983,38.48063819275205,0.033301489166802964
2021-03-01,35.04254511219209,38.40068007630646,0.029582246986088717
2021-04-01,36.71981410913302,40.21974943627474,0.028158458253758522
2021-05-01,36.552133989799074,40.014691437684434,0.028818345425616614
2021-06-01,36.69625801308837,40.14804952173046,0.0307615937653314
2021-07-01,37.4433831846154,40.9373560421151,0.03261658108639497
2021-08-01,37.97350061407049,41.48683671871964,0.03257342884736948
2021-09-01,37.6203466866512,41.0706765307405,0.032042416075777444
2021-10-01,37.25302500032531,40.63888788640219,0.031258728814100654
2021-11-01,38.58262749771922,42.05485761785896,0.031119985899904258
2021-12-01,38.304849873467454,41.71726581955466,0.03277335207679537
2022-01-01,36.93675807029747,40.19425483317653,0.031247786313865832
2022-02-01,35.287149225694876,38.370495009112204,0.03129367892287957
2022-03-01,34.270798693291745,37.239411741602204,0.030716673054595862
2022-04-01,33.88916475591386,36.80085234837287,0.025106179878196175
2022-05-01,30.67315507954515,33.292110895037816,0.02794254787447914
2022-06-01,29.047721395103846,31.515503555204646,0.02891581365997037
2022-07-01,29.00461831720894,31.45772714906697,0.03152220124246078
2022-08-01,30.698763365175296,33.28189040223447,0.029013917428899805
2022-09-01,28.22988465582197,30.597432345703798,0.02542655400299916
2022-10-01,27.0807669254007,29.346998336096668,0.022784690077350296
2022-11-01,28.378949016273314,30.747932135302175,0.022379046474016222
2022-12-01,28.31690128452729,30.676157998177413,0.025117462709333217
2023-01-01,28.33481342375569,30.69163449275565,0.026509359149697265
2023-02-01,28.91976294386664,31.320528304023167,0.023329672948302606
2023-03-01,27.93813125399789,30.25465535450814,0.025515858811858208
2023-04-01,28.764841267615363,31.145696913600172,0.027112004406285153
2023-05-01,28.76205134313123,31.138125637345375,0.026091008325915106
2023-06-01,29.940031645987492,32.40654336099094,0.023007997787991848
2023-07-01,30.891659813659928,33.427875526957656,0.02063438397232751
2023-08-01,30.304748245365207,32.784769089831535,0.0188855141037892
2023-09-01,29.799681861350244,32.23107559802659,0.017480411780019335
2023-10-01,28.76905495498398,31.110796090030515,0.014708202841239325
2023-11-01,30.013224817381495,32.4480805100021,0.01627008812331098
2023-12-01,31.45231092384458,33.99271328886766,0.019452275096519332
2024-01-01,32.04512301259602,34.62030547506774,0.01864084809439077
2024-02-01,33.03719268559904,35.677606889805965,0.016458700663730955
2024-03-01,33.754920176406,36.43733984116318,0.01581756066908653
2024-04-01,33.141593030769805,35.76160087570024,0.013126938242554193
2024-05-01,33.77363454011197,36.42899686950664,0.012974480037317888
2024-06-01,34.81054878004298,37.531221118283426,0.01363593708551497
2024-07-01,35.443553078907236,38.196496898915235,0.01388238291797798
2024-08-01,34.919631348614786,37.61564619491896,0.018361273519699683
2024-09-01,35.66018363515213,38.39592678594201,0.019354053101094483
2024-10-01,36.58721052793017,39.375226098070726,0.015220655326476942
2024-11-01,37.3501956550788,40.17663215195989,0.012563737358393078
2024-12-01,37.71119169643465,40.544844739398265,0.012629503200459663
2025-01-01,37.129219852198915,39.89996941138801,0.01180371451106181
2025-02-01,37.1871755936969,39.94340016769172,0.01357186864261875
2025-03-01,34.78475033985075,37.348615407456606,0.01674872059300049
2025-04-01,32.621270341113544,35.01534134557438,0.018766545554738973
2025-05-01,35.07669704372764,37.63733627717606,0.014911644872815804
2025-06-01,36.11109213369693,38.73262487946789,0.014485410773323274
2025-07-01,37.47424619164658,40.17875583665275,0.01352666347937246
2025-08-01,37.84614504488179,40.56117201225975,0.015006290735751212
2025-09-01,38.58038732538846,41.330933496626486,0.016326105961741933
2025-10-01,39.20569217112651,41.98307362310307,0.016689889449822783
2025-11-01,39.14171487316627,41.89718489813278,0.016303195041500903
2025-12-01,39.55791838682829,42.32463426153928,0.015865930330932577
2026-01-01,39.5935764977168,42.344543073899054,0.01535354113550354
2026-02-01,38.9328957633288,41.61944355569453,0.016982653321543216
2026-03-01,36.91128330420084,39.44151972566879,0.01782349333063148
2026-04-01,37.95963153606298,40.54231768304663,0.016761243345001033
2026-05-01,39.87730841232363,42.56886908189167,0.0141277467921926
2026-06-01,39.64622142282511,42.30172761567782,0.014358794097376226
2026-07-01,39.45811951898449,42.04349510642854,0.015108069660234959
